FAO_Code,Monf_Name,GROUP,FAO_Name,NAME,SCIENTNAME,FAMNAME,GMIN,GMAX,KTMP,TMIN,TOPMN,TOPMX,TMAX,RMIN,ROPMN,ROPMX,RMAX,LIG,LIGR,PP,PPMIN,PPMAX,TEXT,TEXTR,DEP,DEPR,DRA,DRAR,PHMIN,PHOPMN,PHOPMX,PHMAX,SAL,SALR,FER,FERR,LIMITS,RID,SID,FAO_Code2,FAO_Code3,crop,food,fiber,fodder,forestry,industry,plant,comms
15,wheat,Cereals,Wheat,Spelt,Triticum spelta L.,Gramineae,120,180,0,4,10,17,24,300,700,1000,1600,1 2,1 3,L,14,14,L,L M,m,s,W,W E,5,6.5,7.5,8.3,l,l,m,m,,118,118,0,0,1,1,0,0,0,0,1,
15,wheat,Cereals,Wheat,"Wheat, common",Triticum aestivum L.,Gramineae,90,250,0,5,15,23,27,300,750,900,1600,1,1 3,L,12,14,M O,M H,M,S,W,W,5.5,6,7,8.5,L,M,H,M,U,219,219,0,0,1,1,0,0,0,0,1,
15,wheat,Cereals,Wheat,"Wheat, club",Triticum compactum Host,Gramineae,120,180,-3,4,10,16,20,300,600,900,1600,1 2,1 3,N,0,0,l m,w,M,S,w,w,5.5,6.5,7.5,8.3,l,l,M,L,,453,219,0,0,1,1,0,0,0,0,1,subspecies of T. aestivum
15,wheat,Cereals,Wheat,"Wheat, durum",Triticum durum Desf.,Gramineae,120,180,0,6,17,25,30,400,500,700,800,1,1 2,N,0,0,M H,M H,M,M,W,W E,5.5,6,7,8.5,l,l,H,M,,1620,1620,0,0,1,1,0,0,0,0,1,
27,rice,Cereals,"Rice, paddy",Rice paddy (Japonica),Oryza sativa L. s. japonica,Gramineae,80,180,0,10,20,30,36,1000,1500,2000,4000,1,1 3,N,0,0,W,W,M,S,I,I,4.5,5.5,7,9,L,L,H,M,,538,538,0,0,1,1,0,0,0,0,1,
27,rice,Cereals,"Rice, paddy",Rice upland (Japonica),Oryza sativa L. s. japonica,Gramineae,80,130,0,10,20,30,36,750,1000,1700,3500,1,1 3,N,0,0,H,M H,M,S,W,I W,4.5,5.5,7,9,L,M,H,M,,539,538,0,0,1,1,0,0,0,0,1,
27,rice,Cereals,"Rice, paddy",Bulu rice (Javanica),Oryza sativa s. javanica,Gramineae,120,240,0,16,23,35,38,800,1500,2000,4000,1,1 3,N,0,0,H,W,M,S,I,I W,4.5,5.5,7,9,L,L,M,M,,540,538,0,0,1,1,0,0,0,0,1,
27,rice,Cereals,"Rice, paddy","Rice, paddy (Indica)",Oryza sativa L. s. indica,Gramineae,80,200,0,16,25,35,38,1000,1500,2000,4000,1,1 3,S,12,12,W,W,M,S,I,I,3.5,5,8,9,L,L,M,L,,766,538,0,0,1,1,0,0,0,0,1,
27,rice,Cereals,"Rice, paddy",African rice,Oryza glaberrima Steud.,Gramineae,120,270,0,16,26,32,38,700,1000,1500,2700,1 2,1 3,S,12,12,M,W,M,S,I W,I W,4.3,5.5,7,9,l,l,M,L,,1070,1070,0,0,1,1,0,0,0,0,1,
27,rice,Cereals,"Rice, paddy",Rice upland (Indica),Oryza sativa L. s. indica,Gramineae,80,150,0,16,25,35,38,750,1000,1700,3500,1,1 3,S,12,12,H,M H,M,S,W,I W,3.5,5.5,7,9,L,M,M,L,,1337,538,0,0,1,1,0,0,0,0,1,
44,barley,Cereals,Barley,Barley,Hordeum vulgare L.,Gramineae,90,240,-4,2,15,20,40,200,500,1000,2000,1,1 3,L,12,14,M,W,D,M,W,W,6,6.5,7.5,8,L,H,M,L,,223,223,0,0,1,1,0,0,0,0,1,
56,maize,Cereals,Maize,Maize,Zea mays L. s. mays,Gramineae,65,365,0,10,18,33,47,400,600,1200,1800,1,1 2,S,12,14,M O,W,M,S,W,W E,4.5,5,7,8.5,L,M,H,L,W U E,1636,1636,636,0,1,1,0,1,0,0,1,
56,maize,Cereals,Maize,Dent maize,Zea mays v. indentata Sturt,Gramineae,100,140,0,12,20,27,45,500,600,1200,1800,1,1 2,S,12,14,M O,W,M,M,W,W,5,5.5,7,8,L,L,H,L,U E,1701,1636,0,0,1,1,0,1,0,0,1,
56,maize,Cereals,Maize,Flint maize,Zea mays v. indurata Sturt,Germineae,90,140,0,10,18,30,47,450,600,1200,1800,1,1 2,S,12,14,M O,W,M,S,W,W E,4.5,5,7,8.5,L,L,H,L,U E,1702,1636,0,0,1,1,0,1,0,0,1,
56,maize,Cereals,Maize,Soft maize,Zea mays v. amylacea Sturt,Germineae,90,140,0,12,20,27,45,450,600,1200,1800,1,1 2,S,12,14,M O,W,M,S,W,W,5,5.5,7,8,L,L,H,L,U E,1704,1636,0,0,1,1,0,1,0,0,1,
56,maize,Cereals,Maize,Vaxy maize,Zea mays v. ceratina Kulash,Germineae,90,140,0,12,20,27,45,500,600,1200,1800,1,1 2,S,12,14,M O,W,M,S,W,W,5,5.5,7,8,L,L,H,L,U E,1706,1636,0,0,1,1,0,1,0,0,1,
56,maize,Cereals,Maize,Pod maize,Zea mays v. tunicata Sturt,Germineae,90,140,0,12,20,27,45,500,600,1200,1800,1,1 2,S,12,14,M O,W,M,S,W,W,5,5.5,7,8,L,L,H,L,U E,1707,1636,0,0,1,1,0,1,0,0,1,
68,popcorn,Cereals,Popcorn,Pop maize,Zea mays v. everta Sturt,Germineae,90,140,0,12,20,27,45,500,600,1200,1800,1,1 2,S,12,14,M O,W,M,S,W,W,5,5.5,7,8,L,L,H,L,U E,1705,1636,0,0,1,1,0,1,0,0,1,
71,rye,Cereals,Rye,Rye,Secale cereale L.,Gramineae,110,270,0,5,15,20,30,400,600,1000,2000,1,1 3,S,12,14,W,W,M,S,W,I E,4.5,5.5,6,8,L,H,M,L,,1642,1642,0,0,1,1,0,0,0,0,1,
75,oats,Cereals,Oats,Red oat,Avena byzantina K. Koch,Gramineae,110,270,-10,2,18,24,36,400,600,900,1100,1,1 3,L,14,14,W,W,M,S,W,W,5,5.5,7,8.2,l,l,M,M,U,120,120,0,0,1,1,0,0,0,0,1,
75,oats,Cereals,Oats,Oats,Avena sativa L.,Gramineae,110,270,-15,5,16,20,30,250,600,1000,1500,1,1 3,L,12,14,W,W,M,S,W,W,4.5,5,6,7.5,L,L,H,M,,224,224,0,0,1,1,0,0,0,0,1,
79,millet,Cereals,Millet,Japanese millet,Echinochloa frumentacea (R),Gramineae,40,120,0,10,25,30,35,450,500,750,1000,1 2,1 3,S,12,12,L M,W,S,S,I,I W,4.8,5.5,6.5,7.2,l,l,M,L,,946,946,0,0,1,1,0,0,0,0,1,
79,millet,Cereals,Millet,Kodo millet,Paspalum scrobiculatum L.,Gramineae,120,180,0,5,25,27,33,800,1000,1600,4300,1 2,1 4,S,12,12,M,W,S,S,I W,I W,4.3,4.8,6,8,L,L,H,L,W,966,966,0,0,1,1,0,0,0,0,1,
79,millet,Cereals,Millet,"Millet, common",Panicum miliaceum L.,Gramineae,55,280,0,15,20,32,45,200,500,750,1000,1,1 2,S,12,14,M,W,M,S,W,W E,5.2,6,6.5,8.2,L,L,M,L,,1643,1643,0,0,1,1,0,0,0,0,1,
79,millet,Cereals,Millet,Pearl millet,Pennisetum glaucum (L)R.Br.,Gramineae,60,120,2,12,25,35,40,200,400,900,1700,1,1 2,S,12,14,L M,L M,D,M,W,W E,4.5,5,6.5,8.3,L,M,M,L,,1681,1681,0,0,1,1,0,0,0,0,1,
79,millet,Cereals,Millet,Italian millet,Setaria italica (L.) Beauv.,Gramineae,60,120,0,5,16,26,35,300,500,700,4000,1 3,1 4,S,12,14,L M,W,D,M,W,W E,5.5,6,6.8,8.3,l,l,M,L,,1682,1682,0,0,1,1,0,0,0,0,1,
79,millet,Cereals,Millet,Finger millet,Eleusine coracana (L)Gaertn,Gramineae,75,180,0,8,18,27,35,600,800,1100,4300,1,1 2,S,12,14,M,W,M,S,W,W E,5.5,6,6.5,7.5,L,L,M,L,,1694,1694,0,0,1,1,0,0,0,0,1,
83,sorghum,Cereals,Sorghum,Sorghum (med. altitude),Sorghum bicolor (L.) Moench,Gramineae,90,300,0,10,24,35,40,300,500,1000,3000,1,1 2,N,0,0,M H,W,M,M,W,I E,5,6,7,8.5,L,M,M,L,T,542,542,637,0,1,1,0,0,0,0,1,
83,sorghum,Cereals,Sorghum,Sorghum (low altitude),Sorghum bicolor (L.) Moench,Gramineae,90,300,0,8,27,35,40,300,500,1000,3000,1,1 2,S,12,12,M H,W,M,M,W,I E,5,6,7,8.5,L,M,M,L,T,767,542,637,0,1,1,0,0,0,0,1,
83,sorghum,Cereals,Sorghum,Sorghum (high altitude),Sorghum bicolor (L.) Moench,Gramineae,90,300,0,12,22,32,35,300,500,1000,3000,1,1 2,S,12,12,M H,W,M,M,W,I E,5,6,7,8.5,L,M,M,L,T,1342,542,637,0,1,1,0,0,0,0,1,
89,buckwheat,Cereals,Buckwheat,Common buckwheat,Fagopyrum esculentum Moench,Polygonaceae,55,85,0,7,17,27,40,400,700,1000,1300,1 2,1 3,N,0,0,L M,L M,M,S,W,W,4.4,5,6.5,7.5,l,l,M,L,,385,385,0,0,1,1,0,0,0,0,1,
89,buckwheat,Cereals,Buckwheat,Fagopyrum emarginatum,Fagopyrum emarginatum,Polygonaceae,70,85,0,7,22,30,40,500,700,900,1100,1 2,1 3,N,0,0,L M,W,M,S,W,W,4.5,5,6.5,7,l,l,M,L,,455,385,0,0,1,1,0,0,0,0,1,syn of F. esculentum
92,quinoa,Cereals,Quinoa,Quinoa,Chenopodium quinoa Willden.,Chenopodiaceae,90,240,-8,2,14,18,35,250,500,1000,2600,1 2,1 3,N,0,0,W,W,M,S,W,W,4.5,5.5,8,9.5,L,M,M,L,,1621,1621,0,0,1,1,0,0,0,0,1,
94,fonio,Cereals,Fonio,Hungry rice,Digitaria exilis (Kippist),Gramineae,90,130,5,18,22,27,31,400,900,1600,2800,1 2,1 3,S,12,12,L M,L M,M,S,W,W E,4.5,5.5,6.5,7.1,l,l,M,L,,1155,1155,0,0,1,1,0,0,0,0,1,
101,canaryseed,Cereals,Canary seed,Canary grass,Phalaris canariensis L.,Gramineae,45,180,0,6,11,18,25,300,800,1500,2200,1 2,1 3,L,14,14,M H,M H,D,M,W,I W,4.5,6,7,8.2,l,l,H,M,,211,211,0,0,1,1,0,0,0,0,1,
108,cerealnes,Cereals,"cerealnes, nes Cereals",Teff,Eragrostis tef (Zucc.) Trot,Gramineae,65,150,0,2,22,28,30,300,600,1200,2500,1,1 2,N,0,0,L M,W,S,S,W,I E,5,5.5,6.5,8.2,l,l,M,L,E,419,419,0,0,1,1,0,0,0,0,1,
108,cerealnes,Cereals,"cerealnes, nes Cereals",Canihua,Chenopodium pallidicaule H.,Chenopodiaceae,90,150,-10,5,10,16,28,300,500,800,1100,1 2,1 3,N,0,0,L M,W,S,S,W,W,4.8,6,7.5,8.5,L,M,M,L,,454,454,0,0,1,1,0,0,0,0,1,
108,cerealnes,Cereals,"cerealnes, nes Cereals",Job`s tears,Coix lacryma-jobi L.,Gramineae,140,160,0,9,20,28,32,700,1500,2000,4200,2 3,1 4,S,12,12,W,W,M,S,I,I W,4.5,5,6.5,8,L,L,H,M,,799,799,0,0,1,1,0,0,0,0,1,
108,cerealnes,Cereals,"cerealnes, nes Cereals",Inca wheat,Amaranthus caudatus L.,Amaranthaceae,30,300,4,7,21,28,40,250,800,2300,4200,1,1 3,N,0,0,L O,W,M,S,W,W E,4.3,5.5,7.5,8.5,L,M,M,L,,1610,1610,0,0,1,1,0,0,0,0,1,
116,potato,Roots&Tubers,Potatoes,Potato,Solanum tuberosum L.,Solanaceae,90,160,-1,7,15,25,30,250,500,800,2000,1,1 3,N,0,0,M O,W,M,S,W,W E,4.2,5,6.2,8.5,L,L,M,L,T,1547,1547,0,0,1,1,0,0,0,0,1,
122,sweetpotato,Roots&Tubers,Sweet potatoes,Sweet potato,Ipomoea batatas (L.) Lam.,Convolvulaceae,80,170,1,10,18,28,38,500,750,1250,5000,1,1 2,S,12,14,M,W,M,S,W,W,4,5,7,8,L,L,H,L,,1644,1644,0,0,1,1,0,0,0,0,1,
125,cassava,Roots&Tubers,Cassava,Cassava,Manihot esculenta Crantz.,Euphorbiaceae,180,365,7,10,20,29,35,500,1000,1500,5000,1,1 3,S,12,14,L M,W O,M,M,W,W E,4,5.5,8,9,L,L,M,L,,1638,1638,378,0,1,1,0,0,0,0,1,
135,yautia,Roots&Tubers,Yautia (cocoyam),Tannia,Xanthosoma sagittifolium L.,Araceae,120,365,7,10,20,28,35,750,1000,2000,6000,1 2,1 4,S,12,12,M O,L M,M,M,W,W,4.5,5.5,7,7.8,L,M,H,L,,770,770,0,0,1,1,0,0,0,0,1,
136,taro,Roots&Tubers,Taro (cocoyam),Eddoe,Colocasia esculenta v. ant.,Araceae,120,210,0,5,19,25,30,700,1500,2000,3000,2,1 4,S,12,12,M O,W,M,M,W,W,4.5,5.5,6.5,8,L,M,H,L,,1057,1057,0,0,1,1,0,0,0,0,1,
136,taro,Roots&Tubers,Taro (cocoyam),Cocoyam,Colocasia esculenta (L.) S.,Araceae,180,300,0,10,21,28,35,1000,1800,2700,4100,2,1 4,N,0,0,M O,M H,M,M,I W,I W,4.3,5.5,6.5,8.2,L,M,H,M,,1551,1057,0,0,1,1,0,0,0,0,1,
137,yam,Roots&Tubers,Yams,Lesser yam,Dioscorea esculenta (L.) B.,Dioscoreaceae,200,365,9,17,28,32,45,600,800,2000,8000,1 2,1 3,S,12,12,M O,L M,D,M,W,W,4.5,5.5,6.5,8.5,L,L,H,M,,854,854,0,0,1,1,0,0,0,0,1,
137,yam,Roots&Tubers,Yams,Greater yam,Dioscorea alata L.,Dioscoreaceae,220,300,9,15,22,32,40,700,1000,2000,8000,1 2,1 3,S,12,12,L M,L M,D,M,W,W,4.8,5.5,6.5,8.5,L,L,H,M,,855,855,0,0,1,1,0,0,0,0,1,
137,yam,Roots&Tubers,Yams,Potato yam,Dioscorea bulbifera L.,Dioscoreaceae,90,300,9,12,20,30,38,900,1200,2600,4000,1 2,1 3,S,12,12,M,L M,D,M,W,W,5.3,6,6.7,8,L,L,H,M,,894,894,0,0,1,1,0,0,0,0,1,
137,yam,Roots&Tubers,Yams,Bitter yam,Dioscorea dumetorum (K.) P.,Dioscoreaceae,240,300,9,15,25,32,40,700,1000,1700,4200,1 2,1 3,S,12,12,M,L M,D,M,W,W,4.8,5.5,6.5,8.5,L,L,H,M,,895,895,0,0,1,1,0,0,0,0,1,
137,yam,Roots&Tubers,Yams,White yam,Dioscorea rotundata Poir.,Dioscoreaceae,180,300,9,15,25,32,38,800,1000,1500,3000,1 2,1 3,S,12,12,H,M H,D,M,W,I W,5.8,6.4,6.7,8.5,L,L,H,M,,897,897,0,0,1,1,0,0,0,0,1,
137,yam,Roots&Tubers,Yams,Chush-chush yam,Dioscorea trifida L.,Dioscoreaceae,280,330,7,10,18,26,36,1000,1200,2600,4000,1 2,1 3,S,12,12,W,W,D,M,W,W,5.3,6,6.7,8,L,L M,H,M,,898,898,0,0,1,1,0,0,0,0,1,
137,yam,Roots&Tubers,Yams,Yellow yam,Dioscorea cayenensis Lam.,Dioscoreaceae,280,365,9,12,20,32,40,900,1200,1900,3000,1 4,1 5,N,0,0,L M,L M,D,M,W,W,5.3,6,6.7,8,L,L,H,M,,1616,1616,0,0,1,1,0,0,0,0,1,
149,rootnes,Roots&Tubers,"Roots and Tubers, nes",Chufa,Cyperus esculentus L.,Cyperaceae,90,120,-2,4,14,26,30,300,500,1000,1700,1 2,1 4,N,0,0,L M,W,S,S,I W,I W,4.5,5,7,7.5,l,l,L,L,W,459,459,0,0,1,1,0,0,0,0,1,
149,rootnes,Roots&Tubers,"Roots and Tubers, nes",Arrowroot,Maranta arundinacea L.,Marantaceae,300,365,5,17,23,29,34,700,1500,2000,4000,3 4,2 4,S,12,12,M,W,M,S,W,W,5,5.5,6.5,8,l,l,H,M,,794,794,0,0,1,1,0,0,0,0,1,
149,rootnes,Roots&Tubers,"Roots and Tubers, nes",Jerusalem artichoke,Helianthus tuberosus L.,Compositae,80,150,0,7,15,27,30,300,700,1500,2000,2,1 3,S,12,12,M O,W,M,S D,W,W E,4.5,6,6.6,8.3,l,l,M,M H,W,890,890,0,0,1,1,0,0,0,0,1,
149,rootnes,Roots&Tubers,"Roots and Tubers, nes",Peruvian carrot,Arracacia xanthorrhiza Ban.,Umbelliferae,120,365,0,10,14,21,28,600,800,1200,1800,1 2,1 3,S,12,12,L O,L M,M,S,W,W,4.5,5,6,6.5,l,l,H,L,,902,902,0,0,1,1,0,0,0,0,1,
149,rootnes,Roots&Tubers,"Roots and Tubers, nes",Mashua,Tropaeolum tuberosum R.& P.,Tropaeolaceae,180,240,-2,4,12,20,24,700,1000,1200,1600,2 3,1 4,S,12,12,W O,W,m,m,W,W,5.3,6,7,7.5,l,l,M,L,,1196,1196,0,0,1,1,0,0,0,0,1,
149,rootnes,Roots&Tubers,"Roots and Tubers, nes",Oca,Oxalis tuberosa Molina,Oxalidaceae,180,270,0,5,12,24,28,570,800,1300,2150,1 2,1 3,S,12,12,L M,W,M,M,W,W,5.3,6,7,7.8,l,l,H,M,,1197,1197,0,0,1,1,0,0,0,0,1,
149,rootnes,Roots&Tubers,"Roots and Tubers, nes",Ullucu,Ullucus tuberosus Caldas,Basellaceae,120,270,-4,5,12,20,28,800,1100,1400,1800,1,1 2,S,12,12,M,W,M,S,W,W,5,5.5,6.5,7,l,l,H,M,,1198,1198,0,0,1,1,0,0,0,0,1,
149,rootnes,Roots&Tubers,"Roots and Tubers, nes",Sago palm,Metroxylon sagu Rottboell,Arecaceae,365,365,10,18,25,36,40,2100,3000,4500,5800,1,1 2,N,0,0,M H,W O,D,M,I,I W,4.5,5.5,6.5,8.5,L,M,H,M,,1561,1561,0,0,1,1,0,0,0,0,1,
156,sugarcane,SugarCrops,Sugar cane,Japanese cane,Saccharum sinense Roxb.,Gramineae,90,300,-2,12,20,32,38,750,1000,1500,5000,1,1 2,S,12,12,M H,W,D,M,W,W,4.5,5,6,7.5,L,L,M,L,,1074,1074,0,0,1,1,0,0,0,0,1,
156,sugarcane,SugarCrops,Sugar cane,Sugarcane,Saccharum officinarum L.,Gramineae,210,365,-2,15,24,37,41,1000,1500,2000,5000,1,1 2,S,12,14,M H,W,D,M,W,I W,4.5,5,8,9,L,M,H,M,I,1639,1639,0,0,1,1,0,0,0,0,1,
157,sugarbeet,SugarCrops,Sugar beet,Sugar beet,Beta vulgaris L. v vulgaris,Chenopodiaceae,160,200,-2,4,15,25,35,500,650,900,1200,1 2,1 3,L,14,14,M,M H,D,M,W,W,5.5,6,7,8,L,M,H,M,,213,1,647,0,1,1,0,0,0,0,1,
161,sugarnes,SugarCrops,"Sugar crops, nes",Sugar maple,Acer saccharum,Aceraceae,130,240,-18,4,14,24,28,500,700,1300,1500,1 2,1 3,L,14,14,M,M,D,M,W,W,5.3,6,6.5,7.3,l,l,M,M,,157,157,0,0,1,1,0,0,0,1,1,
161,sugarnes,SugarCrops,"Sugar crops, nes",Sugar palm,Arenga pinnata (Wurmb.)Merr,Caryotoideae,365,365,0,16,22,28,32,2000,3000,3500,4000,1 2,1 3,S,12,12,M H,M H,D,S,I W,I W,5,6,7,8,L,L,H,L,T,1038,1038,0,0,1,1,0,0,0,0,1,
176,bean,Pulses,"Beans, dry",Rice bean,Vigna umbellata (Thunb.),Leguminosae,40,130,0,10,18,30,40,300,700,1500,2000,1,1 2,S,12,12,M,W,M,S,W,W E,5.5,6,7.5,8,l,l,H,L,,791,791,0,0,1,1,0,0,0,0,1,syn of Phaseolus calcaratus
176,bean,Pulses,"Beans, dry",Botil,Phaseolus polyanthus Green.,Leguminosae,110,365,0,10,14,24,28,1000,1400,2200,2600,1 2,1 4,S,12,12,M O,M,D,M,W,W,5.5,6.2,6.5,7,l,l,h,m,,1518,1518,414,0,1,1,0,0,0,0,1,syn of P. coccineus
176,bean,Pulses,"Beans, dry","Bean, Common",Phaseolus vulgaris L.,Leguminosae,50,270,0,7,16,25,32,300,500,2000,4300,1 2,1 3,S,12,14,M O,W,M,S,W,W,4,5.5,7.5,9,L,L,M,L,U A,1651,1651,414,423,1,1,0,0,0,0,1,
176,bean,Pulses,"Beans, dry",Adzuki bean,Vigna angularis (Willd.) O.,Leguminosae,60,190,0,5,15,30,36,550,900,1300,1800,1,1 2,S,12,14,M H,W,M,M,W,W,5,5.5,6.5,7.5,L,L,M,M,,1656,1656,414,0,1,1,0,0,0,0,1,
176,bean,Pulses,"Beans, dry",Lima bean,Phaseolus lunatus L.,Leguminosae,60,365,0,13,16,28,34,400,900,1500,4300,1 2,1 3,S,12,14,M,L M,D,M,W,W,4.5,5.5,7,8.4,L,L,M,L,,1659,1659,414,0,1,1,0,0,0,0,1,
176,bean,Pulses,"Beans, dry",Moth bean,Vigna aconitifolia (Jacq.),Leguminosae,60,90,0,13,24,32,45,400,750,1000,2500,1,1 2,S,12,14,L,W,M,S,W,W E,5,6.5,7.5,8,L,L,L,L,,1660,1660,414,0,1,1,0,0,0,0,1,
176,bean,Pulses,"Beans, dry",Mung bean,Vigna radiata (L.) Wilczek,Leguminosae,50,120,0,8,21,36,40,500,650,900,1250,1,1 3,S,12,14,M O,W,M,S,W,W E,4.3,5.5,6.2,8.3,L,M,M,L,U,1661,1661,0,0,1,1,0,0,0,0,1,
176,bean,Pulses,"Beans, dry",Scarlet runner bean,Phaseolus coccineus L.,Leguminosae,80,365,0,5,12,26,30,400,800,1500,2600,1,1 2,S,12,14,M,W,M,S,W,W,5,5.5,7,8.2,L,L,H,L,I,1662,1662,414,0,1,1,0,0,0,0,1,
176,bean,Pulses,"Beans, dry",Tepary bean,Phaseolus acutifolius Gray,Leguminosae,60,120,0,8,20,30,38,300,600,1000,1700,1,1 2,S,12,14,L M,W O,M,S,W,W E,5,6,7,8,L,L,M,L,,1663,1663,414,0,1,1,0,0,0,0,1,
176,bean,Pulses,"Beans, dry",Urd bean,Vigna mungo (L.) Hepper,Leguminosae,60,130,0,8,22,35,40,530,650,900,2430,1,1 2,S,12,14,M H,M H,D,M,W,W E,4.5,5.5,6.5,7.5,L,M,H,M,,1664,1664,414,0,1,1,0,0,0,0,1,
181,broadbean,Pulses,"Broad beans, horse beans, dry",Broad bean,Vicia faba L.,Leguminosae,100,150,-10,5,18,28,32,250,650,1000,2600,1 2,1 3,N,0,0,M O,W,M,S,W,W,4.5,6,7,8.6,L,L,H,M,,258,258,420,0,1,1,0,0,0,0,1,
191,chickpea,Pulses,Chick peas,Chick pea,Cicer arietinum L.,Leguminosae,90,180,-9,7,15,29,35,300,600,1000,1800,1,1 2,S,12,14,M H,W,M,S,W,W E,4.7,6,8.5,9.5,L,M,M,L,A U,1650,1650,0,0,1,1,0,0,0,0,1,
195,cowpea,Pulses,"Cow peas, dry",Sowpea,Vigna unguiculata bliflo. L,Leguminosae,40,80,0,10,20,35,34,700,1100,1300,1730,1,1 2,S,12,12,M,W,S,S,W,I W,4.5,5.5,6.5,7.5,l,l,M H,L,,1171,1171,0,0,1,1,0,0,0,0,1,syn of V. sinensis
195,cowpea,Pulses,"Cow peas, dry",Cowpea,Vigna unguiculata unguic. L,Leguminosae,60,240,0,10,20,35,40,400,600,1500,4100,1 2,1 4,S,12,14,M,W,M,S,W,W E,4.3,5.5,7.5,8.8,L,L,M,L,N U,1646,1171,0,0,1,1,0,0,0,0,1,syn of V. sinensis
195,cowpea,Pulses,"Cow peas, dry",Asparagus bean,Vigna unguiculata sesqui. L,Leguminosae,50,150,4,14,20,35,38,650,1500,2000,4100,1,1 3,S,12,14,M H,W O,M,S,W,I W,4.3,5.5,7,7.5,L,M,M,L,,1657,1171,0,0,1,1,0,0,0,0,1,syn of V. sinensis
197,pigeonpea,Pulses,Pigeon peas,Pigeon Pea,Cajanus cajan (L.) Mill ssp,Leguminosae,90,365,0,10,18,38,45,400,600,1500,4000,1,1 2,S,12,14,L M,W,D,M,W,W E,4.5,5,7,8.4,L,M H,M,L,H,1653,1653,0,0,1,1,0,0,0,0,1,
201,lentil,Pulses,Lentils,Lentil,Lens culinaris Medikus,Leguminosae,70,240,0,5,15,29,32,250,600,1000,2500,1,1 3,L,12,14,M H,W,M,S,W,W E,4.5,5.5,7.5,8.2,L,M,M,L,,226,226,0,0,1,1,0,0,0,0,1,
203,bambara,Pulses,Bambara beans,Bambara groundnut,Voandzeia subterranea (L)T.,Leguminosae,90,180,0,16,19,30,38,500,750,1400,3000,1,1 2,S,12,14,L M,W O,M,S,W,W E,4.3,5,6.5,7,l,l,M,L,U,1667,1667,0,0,1,1,0,0,0,0,1,
205,vetch,Pulses,Vetches,Common vetch,Vicia sativa L. s. sativa,Leguminosae,80,170,0,3,14,23,28,350,700,900,1600,1 3,1 4,L,14,14,M H,W,M,S,W,W E,4.5,6,7,8.2,l,l,M,L,T,123,123,0,0,1,0,0,1,0,0,1,
205,vetch,Pulses,Vetches,Blackpod vetch,Vicia sativa L. s. nigra,Leguminosae,80,170,-5,4,11,23,28,350,600,800,1160,1 3,1 4,L,14,14,M,W,M,S,W,W,4.9,6,7,8.2,l,l,M,L,,125,123,0,0,1,0,0,1,0,0,1,
210,lupin,Pulses,Lupins,White Lupine,Lupinus albus L.,Leguminosae,90,180,-8,6,18,24,32,360,400,1000,1800,1 2,1 3,L,14,14,L M,W,M,M,W,W,4.8,5.5,6.4,8.2,L,M,H,M,T,7,7,0,0,1,1,0,0,0,0,1,
210,lupin,Pulses,Lupins,Blue lupine,Lupinus angustifolius L.,Leguminosae,100,180,-6,4,12,18,26,350,400,1000,1700,1 3,1 3,L,14,14,L M,W,D,M,W,W,4.5,5.5,6.5,7.5,L,L,H,M,T,8,8,0,0,1,1,0,0,0,0,1,
210,lupin,Pulses,Lupins,Tarwi,Lupinus mutabilis Sweet,Leguminosae,150,330,-5,6,18,24,30,350,500,1000,1700,1 2,1 3,N,0,0,L M,W,S,S,W,W E,4.5,5,6.5,7,L,M,M,L,T,368,368,0,0,1,1,0,0,0,0,1,
211,pulsenes,Pulses,"pulsenes, nes Pulses",Jack bean,Canavalia ensiformis (L) DC,Leguminosae,80,300,0,14,20,28,36,600,800,2000,4300,1 2,1 4,S,12,12,W O,W,M,S,W,I E,4.3,5,6,8,L,M,M,L,T,789,789,0,0,1,1,0,0,0,0,1,
211,pulsenes,Pulses,"pulsenes, nes Pulses",Sword bean,Canavalia gladiata (Jacq)DC,Leguminosae,90,300,0,12,15,30,36,600,800,1800,2600,1 2,1 4,S,12,12,W O,W,D,M,W,I E,4.3,5,6,7.5,L,M,M,L,,792,792,0,0,1,1,0,0,0,0,1,
211,pulsenes,Pulses,"pulsenes, nes Pulses",Hyacinth bean,Lablab purpureus Medik.,Leguminosae,70,300,0,3,18,32,38,200,600,1000,2500,1,1 2,N,0,0,W O,W,M,S,W,W E,4.5,5,7.5,8,L,L,M,L,,1559,1559,0,0,1,1,0,0,0,0,1,
211,pulsenes,Pulses,"pulsenes, nes Pulses",Cluster bean,Cyamopsis tetragonoloba (L),Leguminosae,90,160,0,10,25,35,45,400,500,800,2700,1,1 2,S,12,14,L M,W,M,S,W,W E,5.5,7.5,8,8.5,L,M,M,L,U,1654,1654,0,0,1,1,0,0,0,0,1,
211,pulsenes,Pulses,"pulsenes, nes Pulses",Velvet bean,Mucuna pruriens (L.) DC.,Leguminosae,90,270,5,10,20,30,34,400,1200,1500,3100,1,1 3,S,12,14,L M,W,M,S,W,W,4,5,6.5,7.5,l,l,M,L,,1665,1665,0,0,1,1,0,0,0,0,1,
211,pulsenes,Pulses,"pulsenes, nes Pulses","Bean, Winged",Psophocarpus tetragonolobus,Leguminosae,50,270,3,15,28,35,40,500,1500,2500,4100,1 2,1 3,S,12,14,M O,W,D,S,W,W,4.3,5.5,7,8.5,L,L,M,L,,1666,1666,0,0,1,1,0,0,0,0,1,
211,pulsenes,Pulses,"pulsenes, nes Pulses",Yam bean,Pachyrrhizus erosus L Urban,Leguminosae,90,300,0,16,21,28,36,1500,2000,2500,4000,2 3,1 3,S,12,14,L M,W,M,M,W,W E,4.8,5.5,6.5,7.3,l,l,H,L,T,1691,1691,149,0,1,1,0,0,0,0,1,
216,brazil,Treenuts,"Brazil nuts, with shell",Brazil nut,Bertholletia excelsa H.& B.,Lecythidaceae,365,365,0,12,20,36,40,1400,2400,2800,3500,2 3,2 4,N,0,0,M H,M H,D,M,W,W,4.5,5.5,7,8,L,L,H,M,,451,451,0,0,1,1,0,0,0,0,1,
217,cashew,Treenuts,"Cashew nuts, with shell",Cashew,Anacardium occidentale L.,Anacardiaceae,190,260,0,5,15,35,46,400,750,1600,4000,1,1 2,N,0,0,L M,W,D,M,W,W E,3.8,4.5,6.5,8.7,L,L,M,L,,261,261,591,0,1,1,0,0,0,0,1,
220,chestnut,Treenuts,Chestnuts,"Chestnut, European",Castanea sativa Mill.,Fagaceae,150,210,0,7,15,25,30,500,900,1300,1600,1,1 3,L,14,14,L M,W,D,D,W,W E,4,5,6,7,L,L,M,M,,10,10,0,0,1,1,0,0,0,0,1,
220,chestnut,Treenuts,Chestnuts,"Chestnut, Chinese",Castanea mollisima L.,Fagaceae,150,210,0,10,15,26,30,800,1000,1400,1600,1,1 2,L,14,14,L M,W,D,D,W,W E,5,5.5,6.5,7.5,L,L,M,M,,12,12,0,0,1,1,0,0,0,0,1,
220,chestnut,Treenuts,Chestnuts,"Chestnut, American",Castanea dentata Borkh.,Fagaceae,150,210,0,10,15,19,30,500,1000,1100,1500,1,1 3,L,14,14,L M,W,D,D,W,W,5.5,6,7,7.5,L,L,M,M,,13,13,0,0,1,1,0,0,0,0,1,cultivated as a hybrid with other species
220,chestnut,Treenuts,Chestnuts,"Chestnut, Japanese",Castanea crenata Si. & Zu.,Fagaceae,150,180,0,12,17,28,30,900,1100,1500,2300,1,1 2,L,14,14,L M,W,D,D,W,W,5,5.5,6,7,L,L,M,M,,14,14,0,0,1,1,0,0,0,0,1,
221,almond,Treenuts,"Almonds, with shell",Almond,Prunus amygdalus Batsch.,Rosaceae,150,240,-1,10,12,35,40,250,600,900,1500,1,1,N,0,0,M,L M,M,S,W,W E,5.5,6.5,7,8,L,L,M,M,,1554,1554,0,0,1,1,0,0,0,0,1,
222,walnut,Treenuts,"Walnuts, with shell",English walnut,Juglans regia L.,Juglandaceae,150,180,0,7,15,30,40,400,800,1700,2200,1,1 3,L,14,14,M,W,D,D,W,W,4.5,5.5,6.5,8.3,L,L,H,M,,3,3,0,0,1,1,0,0,0,0,1,
222,walnut,Treenuts,"Walnuts, with shell",Black walnut,Juglans nigra L.,Juglandaceae,150,180,0,2,13,28,36,300,800,1000,1300,1,1 3,L,14,14,M,W,D,D,W,W,5.8,6.5,7.5,8.3,L,L,H,M,,59,59,0,0,1,1,0,0,0,0,1,
222,walnut,Treenuts,"Walnuts, with shell",California b. walnut,Juglans hindsii Jeps.,Juglandaceae,120,180,0,8,14,14,20,300,600,900,1400,1,1 3,L,14,14,M,W,D,D,W,W,5.8,6.5,7.5,8.3,l,l,H,M,,60,60,0,0,1,1,0,0,0,0,1,
222,walnut,Treenuts,"Walnuts, with shell",Heartnut,Juglans sieboldiana,Juglandaceae,150,180,0,5,15,28,36,400,800,1000,1300,1,1 3,L,14,14,M,W,D,D,W,W,5.5,6.5,7,8.3,L,L,H,M,,169,169,0,0,1,1,0,0,0,0,1,
223,pistachio,Treenuts,Pistachios,Pistachio nut,Pistacia vera L.,Anacardiaceae,150,180,0,12,25,35,40,250,400,700,1100,1,1,S,12,12,L M,W,M,S,W,W E,6,7,8,8.5,L,M,M,L,U,793,793,0,0,1,1,0,0,0,0,1,
224,kolanut,OtherCrops,Kolanuts,"Cola-nut, commercial",Cola nitida (Vert.) Schott,Sterculiaceae,150,365,0,10,21,30,35,1200,1400,2500,3500,1 2,1 3,S,12,12,M O,W,M,M,W,I W,4.3,5,6,7,L,L,M,L,H,885,885,0,0,1,1,0,0,0,0,1,
224,kolanut,OtherCrops,Kolanuts,Abata kola,Cola acuminata (Beauv.) Sc.,Sterculiaceae,150,365,0,18,23,28,32,700,2000,3000,4300,1 2,1 3,S,12,12,L O,L M,D,M,W,W,4.3,5,6,6.8,l,l,H,M,H,1067,1067,0,0,1,1,0,0,0,0,1,
225,hazelnut,Treenuts,"Hazelnuts, with shell",European hazelnut,Corylus avellana L.,Betulaceae,150,210,-3,5,10,24,35,600,900,1100,1400,1,1 2,N,0,0,M,W,D,M,W,W,5.5,6,6.5,7.5,L,L,M,M,,370,370,0,0,1,1,0,0,0,0,1,
226,areca,OtherCrops,Arecanuts,Betel palm,Areca catechu L.,Arecaceae,240,365,0,7,18,33,39,1000,1500,3000,5000,3 4,1 4,L,14,14,M H,W,M,M,W,W,4.5,5.5,6,6.8,L,L,H,M,,15,15,0,0,1,0,0,0,0,0,1,chew but not eaten
234,nutnes,Treenuts,"Nuts, nes",Umbrella pine,Pinus pinea L.,Pinaceae,180,240,-2,8,18,32,38,400,500,700,800,1,1 2,N,0,0,L M,L M,M,S,W,W E,4,4.5,5.5,6.5,l,l,M,L,,362,362,0,0,1,1,0,0,0,0,1,
234,nutnes,Treenuts,"Nuts, nes",Souari nut,Caryocar nuciferum L.,Caryocaraceae,330,365,0,10,21,28,35,1200,1600,2000,2400,1 2,1 3,N,0,0,L M,L M,D,D,W,W,5.5,6,6.5,7,l,l,H,M,,376,376,0,0,1,1,0,0,0,0,1,
234,nutnes,Treenuts,"Nuts, nes",Macademia nut,Macadamia tetraphylla,Proteaceae,180,365,-2,8,14,28,38,850,1250,2000,3000,1 2,1 4,N,0,0,M,W,D,S,W,W,4.5,5.5,7,8,l,l,H,M,I,723,723,0,0,1,1,0,0,0,0,1,
234,nutnes,Treenuts,"Nuts, nes",Java-almond,Canarium indicum L.,Burseraceae,240,300,0,10,22,28,34,1200,1700,2200,2700,1 2,1 3,S,12,12,W,W,M,M,W,W,5.5,6,7.5,8.1,l,l,L,L,,1309,1309,0,0,1,1,0,0,0,0,1,
234,nutnes,Treenuts,"Nuts, nes",Pili nut,Canarium ovatum Engl.,Burseraceae,365,365,0,12,22,34,40,1000,2000,3000,4000,1 2,1 3,S,12,12,W,W,m,m,W,W,4.5,5,6,6.5,l,l,H,M,,1485,1485,0,0,1,1,0,0,0,0,1,
234,nutnes,Treenuts,"Nuts, nes",Macademia nut,Macademia integrifolia M&B.,Proteaceae,210,365,-2,10,16,28,38,850,1200,2000,3000,1 2,1 4,N,0,0,L M,W O,D,S,W,W,4.5,5,6.5,8,L,L,H,L,I,1552,1552,0,0,1,1,0,0,0,0,1,
234,nutnes,Treenuts,"Nuts, nes",Pecan nut,Carya illinoensis Wangenh.,Juglandaceae,140,210,0,5,15,35,40,400,600,1200,1800,1,1 2,N,0,0,L M,W O,D,D,W,W,5,5.5,7,7.5,L,L,H,M,,1558,1558,0,0,1,1,0,0,0,0,1,
236,soybean,Oilcrops,Soybeans,Soyabean,Glycine max (L.) Merrill,Leguminosae,75,180,0,10,20,33,38,450,600,1500,1800,1,1 2,S,12,12,M O,W,M,S,W,I E,4.5,5.5,6.5,8.4,L,M,H,L,,768,768,0,0,1,1,0,0,0,0,1,
242,groundnut,Oilcrops,"Groundnuts, with shell",Groundnut,Arachis hypogaea L.,Leguminosae,90,150,0,10,22,32,45,400,600,1500,4000,1,1 2,N,0,0,M,W O,M,M,W,W,4.5,5.5,6.5,8.5,L,L,H,M,I A,247,247,0,0,1,1,0,0,0,0,1,
249,coconut,Oilcrops,Coconuts,Coconut,Cocos nucifera L.,Palmaceae,270,365,-1,14,22,34,38,650,1200,2400,4000,1,1 3,N,0,0,L M,W,D,M,W,W,4.3,5,8,8.7,L,M,M,L,,242,242,813,0,1,1,0,0,0,0,1,FAO_Code 813 refers to fiber production
254,oilpalm,Oilcrops,Oil palm fruit,African oil palm,Elaeis guineensis Jacq.,Palmaceae,300,365,0,12,21,32,38,1000,1500,3000,8000,1,1 3,N,0,0,M H,W,D,M,W,W,4,5.5,7,8,L,L,H,M,I,249,249,257,0,1,1,0,0,0,0,1,
260,olive,Oilcrops,Olives,"Olive, Europaen",Olea europaea L.,Oleaceae,210,300,0,5,20,34,40,200,400,700,1200,1,1,N,0,0,L M,W,D,S,W,W E,5.3,6,7,8.5,L,M,M,L,,253,253,0,0,1,1,0,0,0,0,1,
260,olive,Oilcrops,Olives,Wild olive,Olea africana Miller,Oleaceae,120,270,0,15,22,28,35,300,500,1000,1500,1,1 2,S,12,12,W,W,D,S,W,W E,6,6.5,7.5,8.5,L,M,M,L,,1085,253,0,0,1,1,0,0,0,0,1,subspecies of O. europaea
260,olive,Oilcrops,Olives,Indian olive,Olea cuspidata Wall.,Oleaceae,270,365,-5,5,24,32,45,375,500,650,750,1 3,1 4,S,12,12,L M,W,M,S,W,W,5.5,6,7,7.5,l,l,m,l,,1243,253,0,0,1,1,0,0,0,0,1,subspecies of O. europaea
263,karite,Oilcrops,Karite Nuts (Sheanuts),Shea butter tree,Butyrospermum paradoxum (G),Sapotaceae,180,240,0,18,29,38,43,300,500,1000,1800,1,1 3,S,12,12,W O,W,D,M,W,W E,5.5,6,7,8,l,l,L,L,,836,836,0,0,1,1,0,0,0,0,1,
265,castor,Oilcrops,Castor oil seed,Castor,Ricinus communis L.,Euphorbiaceae,140,210,-2,15,20,30,39,400,600,1000,2000,1,1 2,L,12,14,M,W,D,S,W,W E,4.5,5,6.5,8,L,L,H,M,T U,228,228,0,0,1,0,0,0,0,1,1,
267,sunflower,Oilcrops,Sunflower seed,Sunflower,Helianthus annuus L v macro,Compositae,70,200,-10,5,17,34,45,300,600,1000,1600,1,1 2,S,12,12,L M,W,M,M,W,W,5.5,6,7.5,8,L,L,H,L,U,775,775,0,0,1,1,0,0,0,0,1,
270,rapeseed,Oilcrops,Rapeseed,Swede rap,Brassica napus L.,Cruciferae,85,340,-6,5,15,25,41,400,500,1000,2800,1 2,1 3,L,12,14,L M,W,M,M,W,W,5.5,6.5,7.6,8,L,M,H,M,,220,220,0,0,1,1,0,0,0,0,1,FAO_code is for canola
275,tung,Oilcrops,Tung Nuts,Tung-oil-tree,Aleurites fordii Hemsl.,Euphorbiaceae,240,300,0,10,17,22,28,750,1000,1200,1400,1 2,1 3,S,12,12,M,M,M,S,W,W,5.3,6,7,7.5,l,l,H,M,,1091,1091,0,0,1,1,0,0,0,0,1,
280,safflower,Oilcrops,Safflower seed,Safflower,Carthamus tinctoius L.,Compositae,120,245,-2,5,20,32,45,300,600,1000,1400,1,1 2,N,0,0,L M,W,M,S,W,W E,5,6.5,7.5,8,L,M,M,L,U,254,254,0,0,1,1,0,0,0,0,1,
289,sesame,Oilcrops,Sesame seed,Sesame seed,Sesamum indicum L.,Pedaliaceae,40,180,0,10,20,30,40,300,500,1000,1500,1,1 2,N,0,0,M,W,D,M,W,W E,4.5,5.5,7.5,8,L,L,M,L,I U,1549,1549,0,0,1,1,0,0,0,0,1,
292,mustard,Oilcrops,Mustard seed,"Mustard, White",Sinapis alba L.,Brassicaceae,110,180,0,5,10,25,30,500,700,1100,1300,2 3,1 3,L,14,14,M,W,M,M,W,W E,5.5,6.5,7.5,8.5,L,M,M,L,,42,42,0,0,1,1,0,0,0,0,1,
292,mustard,Oilcrops,Mustard seed,Black mustard,Brassica nigra L.,Cruciferae,120,180,-5,5,10,25,27,300,600,1400,2500,1 3,1 4,L,14,14,M,W,M,S,W,W,5.3,6,7,7.8,l,l,M,L,,138,138,0,0,1,1,0,0,0,0,1,
296,poppy,Oilcrops,Poppy seed,Opium poppy,Papaver somniferum L.,Papaveraceae,135,210,-5,3,15,24,28,300,800,1200,1700,1 2,1 3,L,14,14,M,M,M,S,W,W,6,6.5,7.5,8.3,L,L,H,M,I T,129,129,0,0,1,1,0,0,0,0,1,
333,linseed,Oilcrops,Linseed,Linseed,Linum usitatissimum L.,Linaceae,80,180,-6,5,16,24,30,250,500,800,1300,2 3,1 3,L,12,14,M H,M H,S,S,W,W,5.5,6,6.5,7,L,L,H,H,I,227,227,771,773,1,1,1,0,0,0,1,FAO_Codes 771 and 773 refers to fiber production
339,oilseednes,Oilcrops,"Oilseeds, Nes",European beech,Fagus sylvatica L.,Fagaceae,150,210,-28,6,10,20,35,300,500,1000,1500,1,1 4,L,14,14,M H,W,D,D,W,W,4,5,7,8.2,L,L,H,M,,4,4,0,0,1,1,0,0,0,0,1,
339,oilseednes,Oilcrops,"Oilseeds, Nes",Niger-seed (Indian),Guizotia abyssinica Cass.,Compositae,90,150,0,11,18,26,34,700,1000,1300,3000,1,1 3,S,12,12,M,W,D,S,W,I E,5,5.5,6.5,7.5,L,L,M,L,W I A,906,906,0,0,1,1,0,0,0,0,1,
339,oilseednes,Oilcrops,"Oilseeds, Nes",Candlenut,Aleurites moluccana (L.) W.,Euphorbiaceae,240,365,0,15,18,24,30,600,1000,1800,4200,1,1 2,S,12,12,M,M,M,S,W,W,4.3,5,7,8,l,l,H,M,,1092,1092,0,0,1,1,0,0,0,0,1,
339,oilseednes,Oilcrops,"Oilseeds, Nes",Sal,Shorea robusta Gaertn. f.,Dipterocarpaceae,180,300,-1,7,28,34,47,1000,1500,3500,7300,1 2,1 4,S,12,12,L M,W,D,M,W,W,4.5,5,6.7,7.5,l,l,H,L,,1122,1122,0,0,1,1,0,0,1,0,1,
339,oilseednes,Oilcrops,"Oilseeds, Nes",Kat illipi,Bassia latifolia Roxb.,Sapotaceae,210,270,-1,8,20,30,47,750,1000,1600,1900,1,1 2,S,12,12,L,L M,D,M,W E,W E,5,6,7,7.5,l,l,M,L,,1241,1241,0,0,1,1,0,0,0,0,1,
339,oilseednes,Oilcrops,"Oilseeds, Nes",Niger seed (Ethiopian),Guizotia abyssinica Cass.,Compositae,120,150,0,9,15,22,30,700,1000,1300,2600,1,1 3,S,12,12,M,W,D,S,W,I E,5,5.5,6.5,7.5,L,L,H,L,I A,1341,906,0,0,1,1,0,0,0,0,1,
358,cabbage,Vegetables&Melons,Cabbages and other brassicas,Chinese cabbage,Brassica chinensis L.,Cruciferae,40,90,0,8,12,22,34,500,800,1600,2700,2 3,1 3,L,12,14,M O,W,M,S,W,W,5.3,6,7.5,8,L,L,M,L,I,221,221,644,0,1,1,0,0,0,0,1,
358,cabbage,Vegetables&Melons,Cabbages and other brassicas,Cabbage,Brassica oleracea L.v capi.,Cruciferae,60,200,-10,7,15,24,32,300,500,1000,2500,2,1 4,L,12,14,M O,W,S,S,W,W,5,6,7.5,8.3,L,L,H,M,,225,225,644,0,1,1,0,0,0,0,1,
358,cabbage,Vegetables&Melons,Cabbages and other brassicas,Brussels sprouts,Brassica oleracea L.v gemm.,Cruciferae,100,130,-5,7,12,20,25,500,900,1600,3000,1 2,1 3,N,0,0,M O,M H,M,M,W,W,4.5,6,7,7.8,L,L,H,M,,273,225,644,0,1,1,0,0,0,0,1,
358,cabbage,Vegetables&Melons,Cabbages and other brassicas,Collards,Brassica oleracea L.v acep.,Cruciferae,60,85,-5,7,15,22,30,300,450,1000,2800,2,1 3,N,0,0,W O,W,S,S,W,W,4.5,5.4,6,8.3,M,L M,H,L,,275,225,644,0,1,1,0,0,0,0,1,
358,cabbage,Vegetables&Melons,Cabbages and other brassicas,Kohlrabi,Brassica oleracea L.v gong.,Cruciferae,50,70,-2,5,12,18,25,700,900,1300,1700,1,1 3,N,0,0,M,W,D,M,W,W,5.5,6,6.5,8.5,L,L,H,M,,276,225,644,0,1,1,0,0,0,0,1,
358,cabbage,Vegetables&Melons,Cabbages and other brassicas,Sprouting broccoli,Brassica oleracea L.v ital.,Cruciferae,80,120,0,3,15,24,35,350,900,1500,2000,3,2 4,N,0,0,M O,W,M,M,W,W,5.5,6,6.8,8.5,L,L,H,M,,1568,225,644,0,1,1,0,0,0,0,1,
366,artichoke,Vegetables&Melons,Artichokes,Globe artichoke,Cynara scolymus L.,Compositae,210,270,1,5,15,25,30,300,900,1200,1500,2 3,1 3,N,0,0,L M,W,M,M,W,W,5.5,6,6.5,8.3,L,L,H,M,,1572,1572,0,0,1,1,0,0,0,0,1,
367,asparagus,Vegetables&Melons,Asparagus,Asparagus,Asparagus officinalis L.,Liliaceae,210,270,-5,6,15,30,38,500,800,1200,4000,1,1 3,N,0,0,M O,L M,M,M,W,W,4.5,6,6.7,8.2,L,M,H,M,,1565,1565,0,0,1,1,0,0,0,0,1,
372,lettuce,Vegetables&Melons,Lettuce and chicory,Endive,Cichorium endivia L.,Compositae,70,85,-5,5,15,23,30,300,1000,1400,2500,2,1 3,N,0,0,M O,W,S,S,W,W E,5.3,6.5,7.8,8.5,L,L,H,M,,1570,1570,0,0,1,1,0,0,0,0,1,
372,lettuce,Vegetables&Melons,Lettuce and chicory,Lettuce,Lactuca sativa L.,Compositae,35,85,-1,5,12,21,30,900,1100,1400,4100,2,1 3,S,12,14,L M,W,S,S D,W,W,4.2,6,7,7.5,L,L,M,L,,1652,1652,0,0,1,1,0,0,0,0,1,
373,spinach,Vegetables&Melons,Spinach,New Zealand spinach,Tetragonia tetragonioides P,Tetragoniaceae,120,270,0,10,19,28,36,700,900,1200,3000,1,1 3,L,14,14,L O,L M,M,S,W,W E,6,6.5,7,7.5,L,M,M,L,,55,55,0,0,1,1,0,0,0,0,1,
373,spinach,Vegetables&Melons,Spinach,Garden oarch,Atriplex hortensis L.,Chenopodiaceae,120,150,0,3,12,28,36,300,500,800,1400,1,1 2,S,12,12,L,L,m,s,W E,E,5,6.5,7.5,8.2,M,H,L,L,,1081,1081,0,0,1,1,0,0,0,0,1,
373,spinach,Vegetables&Melons,Spinach,Spinach,Spinacia oleracea L.,Chenopodiaceae,40,120,-7,2,13,20,27,300,800,1200,1700,1 2,1 3,N,0,0,L M,W O,S,S,W,W,5.3,6,7.5,8.3,L,L,H,M,,1607,1607,0,0,1,1,0,0,0,0,1,
388,tomato,Vegetables&Melons,Tomatoes,Tomato,Lycopersicon esculentum M.,Solanaceae,70,150,0,7,20,27,35,400,600,1300,1800,2,1 3,N,0,0,M O,W,S,S,W,W,5,5.5,6.8,7.5,L,L,H,M,,244,244,0,0,1,1,0,0,0,0,1,
393,cauliflower,Vegetables&Melons,Cauliflowers and broccoli,Cauliflower,Brassica oleracea L.v botr.,Cruciferae,60,120,-5,5,10,25,30,450,600,1100,1900,3,1 4,N,0,0,M,W,D,S,W,W,5.5,6,7,8.5,L,L,H,M,,274,225,644,0,1,1,0,0,0,0,1,
394,pumpkinetc,Vegetables&Melons,"Pumpkins, squash and gourds",Squash gourd,Cucurbita maxima Duch ex L.,Cucurbitaceae,80,140,0,9,20,30,38,450,600,1000,2700,1,1 3,N,0,0,W O,W,D,S,W,W,5,5.5,7.5,8.5,L,L,H,L,U,257,257,0,0,1,1,0,0,0,0,1,
394,pumpkinetc,Vegetables&Melons,"Pumpkins, squash and gourds",Vegetable marrow,Cucurbita pepo L.,Cucurbitaceae,40,100,0,6,17,30,40,300,600,1500,2800,1,1 3,N,0,0,M O,W,M,S,W,W,4.5,5.5,6.8,8.3,L,L,M,L,U,278,278,0,0,1,1,0,0,0,0,1,
394,pumpkinetc,Vegetables&Melons,"Pumpkins, squash and gourds",Winter squash,Cucurbita mixta Pang.,Cucurbitaceae,170,190,2,10,16,28,38,400,1000,1600,2800,2,1 3,N,0,0,M,W,D,S,W,W,5,5.5,6.8,7.5,L,L,H,L,,388,388,0,0,1,1,0,0,0,0,1,
394,pumpkinetc,Vegetables&Melons,"Pumpkins, squash and gourds",Fig-leaved gourd,Cucurbita ficifolia Bouche,Cucurbitaceae,40,120,0,6,15,21,35,300,800,1200,1700,1,1 3,S,12,12,M,W,M,S,W,W,5.3,6.4,7.5,8.3,L,L,H,M H,,891,891,0,0,1,1,0,0,0,0,1,
394,pumpkinetc,Vegetables&Melons,"Pumpkins, squash and gourds",Buffalo gourd,Cucurbita foetidissima HBK,Cucurbitaceae,90,120,0,5,20,30,35,250,400,600,1000,1,1 2,N,0,0,L M,W,D,M,W,W,5.5,6,7,8.5,l,l,M,M,,1626,1626,0,0,1,1,0,0,0,0,1,
394,pumpkinetc,Vegetables&Melons,"Pumpkins, squash and gourds",Pumpkin,Cucurbita moschata (Duch.),Cucurbitaceae,80,140,0,10,20,30,40,300,600,1600,2800,2,1 3,S,12,14,M O,W,D,S,W,W,4.5,5.5,7.5,8.3,L,L,H,L,,1676,1676,0,0,1,1,0,0,0,0,1,
397,cucumberetc,Vegetables&Melons,Cucumbers and gherkins,Cucumber,Cucumis sativus L.,Cucurbitaceae,40,180,0,6,18,32,38,400,1000,1200,4300,1,1 2,N,0,0,M O,W,M,S,W,W,4.5,6,7.5,8.7,L,L,H,M H,I U,256,256,0,0,1,1,0,0,0,0,1,
399,eggplant,Vegetables&Melons,Eggplants (aubergines),Eggplant,Solanum melongena L.,Solanaceae,70,120,0,9,20,35,40,800,1200,1600,4000,1,1 3,N,0,0,M O,W,M,M,W,W,4.3,5.5,6.8,8.5,L,L,H,M,,262,262,0,0,1,1,0,0,0,0,1,
401,chilleetc,Vegetables&Melons,"Chillies and peppers, green",Pimento,Pimenta dioica (L.) Merr.,Myrtaceae,150,365,0,10,15,32,35,1000,1500,2500,3500,2 3,1 3,S,12,12,W,W,M,S,W,W,6.3,7,7.5,8,l,l,M,M,,1019,1019,689,0,1,1,0,0,0,0,1,
401,chilleetc,Vegetables&Melons,"Chillies and peppers, green",Sweet pepper,Capsicum annuum L.,Solanaceae,60,180,0,8,17,30,35,500,600,1250,1700,1,1 3,S,12,14,M O,L M,M,M,W,W,4.5,5.5,6.8,7,L,L M,M,M,I,1647,1647,689,0,1,1,0,0,0,0,1,
401,chilleetc,Vegetables&Melons,"Chillies and peppers, green",Hot pepper,Capsicum frutescens L.,Solanaceae,120,180,0,7,18,30,40,400,600,1500,2000,1,1 3,S,12,14,M O,W,S,S,W,W,4.3,5.5,6.8,8.3,L,L M,H,M,,1692,1692,689,0,1,1,0,0,0,0,1,
402,greenonion,Vegetables&Melons,"Onions (inc. shallots), green",Shallot,Allium cepa L. v aggregatum,Alliaceae,60,100,0,10,20,25,30,300,450,600,1000,2,1 3,N,0,0,L O,W,M,S,W,W,5.5,6,7,7.5,L,L,H,L,U,1608,1550,0,0,1,1,0,0,0,0,1,
402,greenonion,Vegetables&Melons,"Onions (inc. shallots), green",Welsh onion,Allium fistulosum L.,Alliaceae,60,160,0,6,12,25,30,700,850,1600,2500,2,1 3,N,0,0,M O,W,M,S,W,W,5.5,6.6,7.4,8.5,L,L,H,L,U E W,1609,1609,0,0,1,1,0,0,0,0,1,
403,onion,Vegetables&Melons,"Onions, dry",Onion,Allium cepa L. v cepa,Alliaceae,85,175,0,4,12,25,30,300,350,600,2800,2,1 3,N,0,0,M O,W,M,S,W,W,4.3,6,7,8.3,L,L M,M,L,U,1550,1550,0,0,1,1,0,0,0,0,1,
406,garlic,Vegetables&Melons,Garlic,Garlic,Allium sativum L.,Alliaceae,90,120,-5,7,18,30,35,500,750,1600,2700,2,1 3,L,14,14,L M,W,M,S,W,W,5,6,6.6,8.5,L,L,H,L,U,36,36,0,0,1,1,0,0,0,0,1,
417,greenpea,Vegetables&Melons,"Peas, green",Pea,Pisum sativum L.,Leguminosae,60,140,-2,4,10,24,30,350,800,1200,2500,1,1 3,S,12,14,W,W,M,S,W,W,4.5,5.5,7,8.3,L,L,M,L,,1649,1649,187,0,1,1,0,0,0,0,1,
426,carrot,Vegetables&Melons,Carrots and turnips,Carrot,Daucus carota L.,Umbelliferae,40,150,-1,3,15,24,30,400,600,1200,4000,2 3,1 3,L,14,14,M O,W,M,M,W,W,4.2,5.8,6.8,8.7,L,L,M,M,,2,2,648,0,1,1,0,0,0,0,1,
426,carrot,Vegetables&Melons,Carrots and turnips,Bird rape,Brassica campestris L.,Cruciferae,60,340,-10,5,17,30,41,400,700,1000,3500,1,1 2,N,0,0,W,W,M,M,W,W,5.5,6,7,8,L,M,H,M,,1618,266,0,0,1,1,0,0,0,0,1,this is now Brassica rapa
430,okra,Vegetables&Melons,Okra,"Okra, lady fingers",Abelmoschus esculentus (L.),Malvaceae,50,180,0,12,20,30,35,300,600,1200,2500,2,1 3,S,12,12,W O,W,S,S,W,W,4.5,5.5,7,8.7,L,L,H,M,,771,771,0,0,1,1,0,0,0,0,1,
446,greencorn,Vegetables&Melons,"Maize, green",Sweet Corn,Zea mays v.saccharata Sturt,Germineae,65,100,0,12,16,24,38,600,800,1500,1800,1,1 2,S,12,14,M O,W,M,S,W,W E,4.5,5.5,6.8,7.5,L,M,H,L,W U E,1703,1636,0,0,1,1,0,1,0,0,1,
449,mushroom,Vegetables&Melons,Mushrooms and truffles,"Mushroom, cultivated",Agaricus bisporus,Agaricaceae,30,45,7,11,14,18,22,800,1000,1500,1700,4 5,3 5,S,12,12,O,M O,S,S,W,W,5,5.5,6.5,7,l,l,H,M,,1488,1488,0,0,1,1,0,0,0,0,0,
459,chicory,OtherCrops,Chicory roots,Chicory,Cichorium intybus L.,Compositae,90,330,-5,6,10,30,35,300,1500,2500,4000,1 2,1 3,N,0,0,M,M H,M,S,W,W E,4.5,6,7,8.3,L,M,M,M,,1569,1569,372,0,1,1,0,0,0,0,1,
461,carob,Fruit,Carobs,Carob,Ceratonia siliqua L.,Leguminosae,210,365,-4,10,20,32,39,200,400,1000,2000,1 2,1 3,S,12,12,L M,L M,S,S,W,W E,5,6,7.5,8.6,L,M,M,L,,779,779,0,0,1,1,0,0,0,0,1,
463,vegetablenes,Vegetables&Melons,Vegetables fresh nes,Spinach beet,Beta vulgaris L. v flavesc.,Chenopodiaceae,160,240,-3,4,15,25,35,500,600,800,1000,1 4,1 4,L,14,14,M H,W,M,S,W,W,5.5,6,7,7.5,L,M,H,M,,1,1,647,0,1,1,0,0,0,0,1,
463,vegetablenes,Vegetables&Melons,Vegetables fresh nes,Salsify,Tragopogon porrifolius L.,Compositae,120,180,-2,2,13,19,24,400,600,900,1100,2 3,1 3,L,14,14,M O,W,M,S,W,I W,6,6.5,7.5,8,l,l,H,M,,39,39,0,0,1,1,0,0,0,0,1,
463,vegetablenes,Vegetables&Melons,Vegetables fresh nes,Celery,Apium graveolens L. v dulce,Umbelliferae,80,160,-5,4,18,25,28,300,1000,1300,2800,1 2,1 3,L,14,14,M O,W O,M,S,W,W,4.5,5.8,6.8,8.3,L,L,H,M,,41,41,0,0,1,1,0,0,0,0,1,
463,vegetablenes,Vegetables&Melons,Vegetables fresh nes,Garden beet,Beta vulgaris L. v crassa,Chenopodiaceae,55,90,-2,5,15,25,30,500,800,1500,2500,1 2,1 4,L,14,14,L M,W O,M,M,W,W,5,6,6.8,8.3,L,M,H,M,,52,1,647,0,1,1,0,0,0,0,1,
463,vegetablenes,Vegetables&Melons,Vegetables fresh nes,Swiss chard,Beta vulgaris L. v cicla,Chenopodiaceae,50,150,0,5,15,25,35,500,800,800,1000,1 2,1 4,L,14,14,M,W,M,S,W,W,5.5,6,6.5,8.3,L,M,H,M,,53,1,647,0,1,1,0,0,0,0,1,
463,vegetablenes,Vegetables&Melons,Vegetables fresh nes,Chervil,Anthriscus cerefolium L.,Umbelliferae,60,95,0,4,7,21,25,450,600,1100,1300,3 4,3 5,L,14,14,W,W,M,S,W,W,5.5,6,7,8.2,l,l,m,m,,110,110,0,0,1,1,0,0,0,0,1,
463,vegetablenes,Vegetables&Melons,Vegetables fresh nes,Sweet marjoram,Majorana hortensis (MÃ¶nch),Labiatae,90,180,-2,10,20,26,30,600,800,1000,2300,1,1 2,L,14,14,M,M,S,S,W,W,4.9,5.5,7,8.7,l,l,H,M,,111,111,0,0,1,1,0,0,0,0,1,
463,vegetablenes,Vegetables&Melons,Vegetables fresh nes,Caper,Capparis spinosa,Capparaceae,120,270,0,10,13,27,31,300,500,1000,2600,1,1 2,L,14,14,L M,L M,M,S,W E,W E,6,6.5,7.5,8.3,l,l,M,L,,150,150,0,0,1,1,0,0,0,0,1,
463,vegetablenes,Vegetables&Melons,Vegetables fresh nes,Watercress,Nasturtium officinale R.Br.,Cruciferae,40,80,3,6,12,17,32,300,1000,2300,4200,1,1 4,L,12,14,L M,W,S,S,I,I W,4.5,6.5,7.5,8.3,L,L,M,L,W,232,232,0,0,1,1,0,0,0,0,1,
463,vegetablenes,Vegetables&Melons,Vegetables fresh nes,Parsnip,Pastinaca sativa L.,Umbelliferae,80,150,-5,5,15,21,25,300,500,800,1100,1 2,1 3,N,0,0,M,W,D,M,W,W,5.8,6,6.8,8.3,L,L,H,M,,383,383,0,0,1,1,0,0,0,0,1,
463,vegetablenes,Vegetables&Melons,Vegetables fresh nes,Rutabaga,Brassica napus L. Napobras.,Cruciferae,180,180,-1,5,14,24,35,300,700,1000,1700,1 3,1 4,N,0,0,L M,W,M,M,W,W,4.8,5.5,7,7.8,l,l,H,M,,384,220,649,0,1,1,0,0,0,0,1,
463,vegetablenes,Vegetables&Melons,Vegetables fresh nes,Garden cress,Lepidium sativum L.,Cruciferae,10,105,0,3,14,21,28,600,1000,1800,2500,3 4,1 4,S,12,12,W,W,S,S,W,W E,5.5,6,7,7.5,l,l,H,L,,1032,1032,0,0,1,1,0,0,0,0,1,
463,vegetablenes,Vegetables&Melons,Vegetables fresh nes,Thorny bamboo,Bambusa arundinacea Willd.,Gramineae,300,365,0,8,22,30,36,700,1200,2500,4500,3 4,2 4,S,12,12,M H,M H,M,S,W,W,4,4.5,6.5,7,L,L,H,M,,1058,1058,0,0,1,1,0,0,0,0,1,
463,vegetablenes,Vegetables&Melons,Vegetables fresh nes,Bariala,Bambusa vulgaris Schrad.,Gramineae,300,365,0,9,22,28,32,700,1200,2500,4500,3 4,2 4,S,12,12,M H,W,D,M,W,I W,4.5,5,6,6.5,L,L,H,M,,1064,1064,0,0,1,1,0,0,0,0,1,
463,vegetablenes,Vegetables&Melons,Vegetables fresh nes,Giant bamboo,Dendrocalamus asper (Schu.),Gramineae,240,365,0,15,20,27,34,1200,1800,3600,4500,2 3,1 4,S,12,12,M H,W,d,m,W,W,4.5,5,6.5,7,l,l,h,m,,1504,1504,0,0,1,1,0,0,1,0,1,
463,vegetablenes,Vegetables&Melons,Vegetables fresh nes,Celeriac,Apium graveolens L. v rapac,Umbelliferae,80,270,-5,7,15,25,26,700,1000,1200,1700,1 3,1 3,N,0,0,M O,W O,M,M,W,I W,5.3,6,6.8,8.3,L,M,H,M,,1574,41,0,0,1,1,0,0,0,0,1,
463,vegetablenes,Vegetables&Melons,Vegetables fresh nes,Horseradish,Armoracia rusticana P.Gaer.,Cruciferae,150,210,-5,6,14,20,28,390,600,900,1700,1,1 3,N,0,0,L M,W,M,S,I W,I E,4.5,6,7,8.7,L,L,H,L,W,1575,1575,0,0,1,1,0,0,0,0,1,
463,vegetablenes,Vegetables&Melons,Vegetables fresh nes,Parsley,Petroselinum crispum Mill.,Umbelliferae,70,365,-5,7,11,20,28,300,900,1500,2800,2 3,1 4,N,0,0,M O,W,S,S,W,W,5.3,6,7.5,8.3,L,M,M,L,,1581,1581,0,0,1,1,0,0,0,0,1,
463,vegetablenes,Vegetables&Melons,Vegetables fresh nes,"Radish, Chinese",Raphanus sativus L. (C.R.),Cruciferae,50,80,0,10,12,26,37,800,1000,1500,2800,2,1 3,N,0,0,L M,W,D,M,W,W,4.3,6,7,8.3,L,L,H,M H,,1615,1615,0,0,1,1,0,0,0,0,1,
463,vegetablenes,Vegetables&Melons,Vegetables fresh nes,"Radish, Leaf",Raphanus sativus L. (L.R.),Cruciferae,70,150,0,5,12,25,30,500,800,1000,1500,1 2,1 3,N,0,0,L M,L M,D,M,W,W,5,6,6.5,7.5,l,l,M,L,,1627,1615,0,0,1,1,0,0,0,0,1,
463,vegetablenes,Vegetables&Melons,Vegetables fresh nes,"Radish, Rat-tailed",Raphanus sativus L. (R.R.),Crucicerae,90,215,0,10,12,26,37,800,1000,1500,2500,1 2,1 3,N,0,0,L M,L M,D,M,W,W,5,6,6.5,7.5,l,l,H,M,,1628,1615,0,0,1,1,0,0,0,0,1,
463,vegetablenes,Vegetables&Melons,Vegetables fresh nes,"Radish, Western",Raphanus sativus L. (S.R.),Cruciferae,21,135,0,3,12,25,30,500,800,1000,2800,2,1 3,N,0,0,L M,W O,M,S,W,W,5.2,6,7,8.3,L,L,H,L,,1629,1615,0,0,1,1,0,0,0,0,1,
486,banana,Fruit,Bananas,Banana,Musa acuminata Colla,Musaceae,180,365,0,12,23,33,42,650,1200,3600,5000,1 3,1 4,N,0,0,M O,W,D,M,W,W,4,5.5,7.5,8.4,L,L,H,M,I A,243,243,0,0,1,1,0,0,0,0,1,most cultivated bananas and plantains are hybrids of acuminata and balbisiana (or acuminata)
486,banana,Fruit,Bananas,Banana,Musa acuminata x M. balbis.,Musaceae,180,365,0,15,25,35,40,1000,1400,2400,5000,1 2,1 3,N,0,0,L M,W,D,M,W,W,4.5,5.5,6.5,8,L,L,H,M,I,581,243,0,0,1,1,0,0,0,0,1,most cultivated bananas and plantains are hybrids of acuminata and balbisiana (or acuminata)
486,banana,Fruit,Bananas,Banana,Musa halabanensis Meijer,Musaceae,180,365,0,15,24,30,35,700,1200,3000,4000,1 2,1 4,N,0,0,M O,W,D,M,W,W,4.5,5.5,7,7.5,l,l,H,M,I,727,243,0,0,1,1,0,0,0,0,1,syn of Musa acuminata
489,plantain,Fruit,Plantains,Plantain bananas,Musa balbisiana Colla,Musaceae,365,365,8,16,23,28,38,1000,1300,3000,5000,1 2,1 4,N,0,0,L M,W,D,M,W,W,4.5,5.5,7,7.5,L,L,H,M,I,512,512,0,0,1,1,0,0,0,0,1,most cultivated bananas and plantains are hybrids of acuminata and balbisiana (or acuminata)
490,orange,Fruit,Oranges,Sweet orange,Citrus sinensis (L.) Osbeck,Rutaceae,180,365,0,13,20,30,38,450,1200,2000,2700,1,1 2,N,0,0,L M,W,D,M,W,W,4,5,6,8.3,L,L,M,L,I,245,245,0,0,1,1,0,0,0,0,1,
490,orange,Fruit,Oranges,Sour orange,Citrus aurantium L.,Rutaceae,140,330,0,12,25,30,42,350,1200,1400,2000,1,1 2,N,0,0,L M,W,D,M,W,I E,5.5,6,7,8.3,L,L,M,L,I,1606,1023,0,0,1,1,0,0,0,0,1,
495,tangetc,Fruit,"Tangerines, mandarins, clem.",Satsuma mandarin,Citrus unshiu Marcovitch,Rutaceae,210,365,0,12,18,28,34,500,1200,1500,2500,1,1 2,N,0,0,L M,W,D,M,W,W E,5,5.5,6.5,8,L,L,H,M,I,1605,1605,0,0,1,1,0,0,0,0,1,
495,tangetc,Fruit,"Tangerines, mandarins, clem.",Mandarin,Citrus reticulata Blanco x,Rutaceae,60,365,0,12,23,34,38,300,1200,1800,4000,1,1 2,S,12,14,L M,W,D,M,W,I E,5.5,6,6.8,8.3,L,L,H,M,I,1672,1672,0,0,1,1,0,0,0,0,1,
497,lemonlime,Fruit,Lemons and limes,Lemon,Citrus limon (L.) Burm. f.,Rutaceae,210,365,-2,12,15,28,36,300,1000,2300,4000,1,1 2,S,12,14,L M,W,M,M,W,W,5.5,6.5,7,8,L,L,H,M,I,1668,1668,0,0,1,1,0,0,0,0,1,
497,lemonlime,Fruit,Lemons and limes,Lime,Citrus aurantifolia (Chri.),Rutaceae,180,365,0,13,26,32,38,700,2200,2700,3700,1,1 2,S,12,14,L M,W,M,M,W,W,4.8,6,6.5,8.3,L,L,M,L,I,1669,1669,0,0,1,1,0,0,0,0,1,
507,grapefruitetc,Fruit,Grapefruit (inc. pomelos),Grapefruit,Citrus paradisi Macfad.Hook,Rutaceae,60,365,0,13,18,32,42,300,1500,2300,4000,1,1 2,S,12,14,L M,W,D,M,W,W,6,6.5,7.3,8.3,L,L,H,M,I,1670,1670,0,0,1,1,0,0,0,0,1,
507,grapefruitetc,Fruit,Grapefruit (inc. pomelos),Pummelo,Citrus maxima (Burm.) Merr.,Rutaceae,180,365,0,12,23,32,36,700,1500,2500,4000,1,1 2,S,12,14,M O,W,D,M,W,I E,4.5,5.5,6.5,8,L,M,H,M,I,1671,1671,0,0,1,1,0,0,0,0,1,
512,citrusnes,Fruit,"Citrus fruit, nes",Citron,Citrus medica L.,Rutaceae,210,365,-2,12,21,27,35,800,1200,1400,2000,1,1 2,N,0,0,L M,W,D,M,W,W,5.5,6.5,7,8,L,L,H,M,I,457,457,0,0,1,1,0,0,0,0,1,
512,citrusnes,Fruit,"Citrus fruit, nes",Hong Kong wild kumquat,Fortunella hindsii (C.) Sw.,Ritaceae,210,365,-15,12,26,37,40,700,1100,1500,4000,1 2,1 3,N,0,0,m,m,m,m,W,W,6,6.5,7.5,8,l,l,H,M,,757,757,0,0,1,1,0,0,0,0,1,syn of Fortunella japonica
512,citrusnes,Fruit,"Citrus fruit, nes",Round kumquat,Fortunella japonica (T.) S.,Rutaceae,210,365,-15,12,26,37,40,700,1100,1500,4000,1 2,1 3,N,0,0,m,m,m,m,W,W,6,6.5,7.5,8,l,l,H,M,,758,758,0,0,1,1,0,0,0,0,1,
512,citrusnes,Fruit,"Citrus fruit, nes",Oval kumquat,Fortunella margarita (L) S.,Rutaceae,210,365,-12,12,26,37,40,700,1100,1500,4000,1 2,1 3,N,0,0,m,m,m,m,W,W,6,6.5,7.5,8,l,l,H,M,,759,759,0,0,1,1,0,0,0,0,1,syn of Fortunella japonica
512,citrusnes,Fruit,"Citrus fruit, nes",Bergamot,Citrus aurantium v bergamia,Rutaceae,140,365,0,12,20,28,37,350,1200,1500,3000,1,1 3,S,12,12,M,W,M,M,W,W,6,5,6.5,8,L,L,H,M,I,1023,1023,0,0,1,1,0,0,0,0,1,
512,citrusnes,Fruit,"Citrus fruit, nes",Philippine lime,Citrus madurensis Lour.,Rutaceae,210,365,0,8,22,28,36,1000,1500,2000,2500,1,1 2,S,12,12,M O,W,M,M,W,W,5,5.5,7,7.5,l,l,H,M,I,1367,1367,0,0,1,1,0,0,0,0,1,
512,citrusnes,Fruit,"Citrus fruit, nes",Tahiti lime,Citrus latifolia Tan.,Rutaceae,365,365,0,12,20,28,32,750,1200,1500,2300,1,1 2,N,0,0,L M,W,M,S,W,W E,5,5.5,6.5,7.5,L,L,H,M,T I,1593,1593,0,0,1,1,0,0,0,0,1,
512,citrusnes,Fruit,"Citrus fruit, nes",Mediterranea mandarin,Citrus deliciosa Ten.,Rutaceae,180,210,0,13,22,26,32,750,1200,1500,2300,1,1 2,N,0,0,M,W,M,M,W,W E,5,5.5,6.2,7,L,L,H,M,I,1600,1600,0,0,1,1,0,0,0,0,1,
512,citrusnes,Fruit,"Citrus fruit, nes",Citrus,Citrus spp,Rutaceae,180,365,-2,13,23,30,42,450,1200,1600,2700,1,1 2,S,12,14,L M,W,D,M,W,W E,4,5,6.5,8,L,L,M,L,I U,1645,1645,0,0,1,1,0,0,0,0,1,
515,apple,Fruit,Apples,Apple,Malus sylvestris Mill.,Rosaceae,180,320,-2,6,10,30,35,400,900,1200,1800,1 2,1 3,N,0,0,L M,W,D,S,W,W,4.5,6.2,7,8.2,L,L,M,M,N,246,246,542,0,1,1,0,0,0,0,1,FAO_Code 542 isn't specific.
515,apple,Fruit,Apples,Apple,Malus domestica Borkh.,Rosaceae,180,320,-2,8,14,27,33,500,700,2500,3200,1 2,1 3,N,0,0,L M,W,D,M,W,W,4.5,6,7,8,L,L,H,M,I N,760,760,542,0,1,1,0,0,0,0,1,FAO_Code 542 isn't specific.
521,pear,Fruit,Pears,Pear,Pyrus communis L.,Rosaceae,180,270,-34,10,20,35,37,400,600,900,2100,1,1 2,N,0,0,M H,W,M,S,W,W,4.5,5.5,6.5,8.3,L,L,M,M,I,377,377,542,0,1,1,0,0,0,0,1,FAO_Code 542 isn't specific.
523,quince,Fruit,Quinces,Quince,Cydonia oblonga Mill.,Rosaceae,180,270,-5,7,10,30,35,500,700,900,1100,1 2,1 3,S,12,12,M H,W,D,M,W,W,5.5,6,6.5,7,L,L,M,L,,887,887,542,0,1,1,0,0,0,0,1,FAO_Code 542 isn't specific.
526,apricot,Fruit,Apricots,Apricot,Prunus armeniaca L.,Rosaceae,180,240,-1,7,14,35,40,800,900,1300,1470,1,1 2,N,0,0,M,W,D,M,W,W,5,6.5,7,8,L,L,M,M,,267,267,0,0,1,1,0,0,0,0,1,
530,sourcherry,Fruit,Sour cherries,"Cherry, Sour",Prunus cerasus L.,Rosaceae,180,240,-4,4,15,25,30,500,800,1600,2700,1 2,1 3,N,0,0,M,W,D,M,W,W,4.5,6,6.5,7.5,L,L,M,L,,380,380,0,0,1,1,0,0,0,0,1,
531,cherry,Fruit,Cherries,"Cherry, Sweet",Prunus avium L.,Rosaceae,180,240,-3,6,18,28,40,300,500,900,1500,1,1 2,N,0,0,M H,W,D,M,W,W,4.5,5.5,6.5,7,L,L,M,L,,237,237,0,0,1,1,0,0,0,0,1,
534,peachetc,Fruit,Peaches and nectarines,Peach,Prunus persica (L.) Batsch,Rosaceae,240,270,0,7,20,33,35,750,900,1100,1600,1,1 3,N,0,0,L M,W,D,M,W,W,4.5,5.5,6.3,7.5,L,L,H,M,T,268,268,0,0,1,1,0,0,0,0,1,
536,plum,Fruit,Plums and sloes,Plum,Prunus domestica L.,Rosaceae,180,210,-2,6,18,33,36,600,900,1500,1800,1,1 2,N,0,0,M H,W,D,M,W,W,4.5,5.5,6.1,7.4,L,L,H,M,,269,269,0,0,1,1,0,0,0,0,1,
541,stonefruitnes,Fruit,"Stone fruit, nes","Apricot, Japanese",Prunus mume Siebold & Zucc.,Rosaseae,180,210,-2,6,18,34,38,600,800,1000,1200,1 2,1 3,N,0,0,M,W,D,M,W,W,4.5,5,6.5,7,l,l,h,m,,761,761,0,0,1,1,0,0,0,0,1,
544,strawberry,Fruit,Strawberries,European strawberry,Fragaria vesca L.,Rosaceae,180,270,0,5,12,20,28,300,700,1500,2800,2 3,1 3,L,14,14,M H,W,S,S,W,W,4.5,5,6,6.5,L,L,M,M,,133,133,0,0,1,1,0,0,0,0,1,
544,strawberry,Fruit,Strawberries,Chilean strawberry,Fragaria chiloensis L. Duch,Rosaceae,120,270,0,5,11,18,27,500,900,1300,1700,1 2,1 3,S,12,12,L M,L M,S,S,W,W,5,5.5,6.5,7.3,L,L,M,M,,1088,1088,0,0,1,1,0,0,0,0,1,
544,strawberry,Fruit,Strawberries,Virginia strawberry,Fragaria virginiana Duch.,Rosaceae,120,270,0,5,11,18,27,400,800,1200,1700,1 2,1 3,S,12,12,M,L M,S,S,W,W,5,5.5,7,7.5,L,L,M,M,,1089,1089,0,0,1,1,0,0,0,0,1,
544,strawberry,Fruit,Strawberries,Garden strawberry,Fragaria x ananassa (D.) G.,Rosaceae,180,270,0,6,11,24,28,300,600,900,1700,1 2,1 2,N,0,0,M O,L M,S,S,W,W,4.5,6,6.8,8.2,L,L,M,M,,1557,1557,0,0,1,1,0,0,0,0,1,
547,rasberry,Fruit,Raspberries,Dewberries,Rubus spp,Rosaceae,120,365,-20,3,14,20,28,300,1400,1800,2800,1 2,1 3,L,14,14,W,W,m,s,w,w,4.5,5.5,6.5,8,l,l,h,m,,131,131,0,0,1,1,0,0,0,0,1,
547,rasberry,Fruit,Raspberries,Blackberry,Rubus spp,Rosaceae,180,300,-29,4,14,23,30,500,900,1200,1700,1 3,1 4,L,14,14,W,W,D,M,W,W,4.5,5.5,6.5,7.8,l,l,H,M,I,132,131,0,0,1,1,0,0,0,0,1,
547,rasberry,Fruit,Raspberries,Red raspberry,Rubus idaeus L.,Rosaceae,120,180,-35,5,17,23,28,300,800,1200,1700,1 2,1 3,N,0,0,M O,L M,D,M,W,W,4.5,5.5,6.5,7.8,L,L,H,M,,381,381,0,0,1,1,0,0,0,0,1,
547,rasberry,Fruit,Raspberries,Black raspberry,Rubus occidentalis L.,Rosaceae,120,150,-29,5,14,20,26,300,700,1100,1500,1 2,1 3,N,0,0,M O,L M,D,M,W,W,5.5,6,7,7.8,L,L,H,M,,382,382,0,0,1,1,0,0,0,0,1,
547,rasberry,Fruit,Raspberries,Purple raspberry,Rubus occidentalis x idaeus,Rosaceae,90,120,-20,5,15,20,28,300,700,1100,1500,1 2,1 3,N,0,0,M O,L M,D,M,W,W,5.5,6,7,7.5,L,L,H,M,,463,382,0,0,1,1,0,0,0,0,1,
549,gooseberry,Fruit,Gooseberries,Hairy gooseberry,Ribes hirtellum,Saxifragaceae,150,180,-10,5,10,22,25,400,800,1200,1700,1 2,1 3,L,14,14,M H,W,M,M,W,W,5.5,6.5,7.5,8,L,L,H,M,,44,44,0,0,1,1,0,0,0,0,1,Cultivated gooseberries are derived from this species and R. uva-crispa
549,gooseberry,Fruit,Gooseberries,European gooseberry,Ribes uva-crispa L.,Saxifragaceae,150,180,-28,3,15,25,40,500,900,1300,1700,1 2,1 3,N,0,0,H,M H,D,M,W,W,5,6,7,7.5,L,L,H,M,,1589,1589,0,0,1,1,0,0,0,0,1,syn of R. grossularia
550,currant,Fruit,Currants,Black currant,Ribes nigrum L.,Saxifragaceae,150,180,-28,5,17,25,30,500,700,900,1100,1 2,1 3,L,14,14,M,W,D,M,W,W,6,6.5,7.5,8,L,L,H,M,,45,45,0,0,1,1,0,0,0,0,1,
550,currant,Fruit,Currants,Red currant,Ribes rubrum,Saxifragaceae,150,180,-10,5,10,22,25,500,800,1200,1700,1 2,1 3,L,14,14,M H,W,M,M,W,W,6,6.5,7.5,8,L,L,H,M,,46,46,0,0,1,1,0,0,0,0,1,
550,currant,Fruit,Currants,Common red ribes,Ribes sativum,Saxifragaceae,120,150,-10,5,13,23,27,300,500,800,1100,1 2,1 3,L,14,14,M H,M H,M,M,W,W,5.5,6,6.5,7.5,L,L,H,M,,47,46,0,0,1,1,0,0,0,0,1,group of cultivars of R. rubrum
552,blueberry,Fruit,Blueberries,Highbush blueberry,Vaccinium corymbosum L.,Ericaceae,160,200,-29,7,18,30,42,700,900,1100,1300,1 2,1 3,N,0,0,M O,W,S,S,W,W,4,4.5,5,5.5,L,L,M,L,,1585,1585,0,0,1,1,0,0,0,0,1,
554,cranberry,Fruit,Cranberries,Cranberry,Vaccinium macrocarpon Ait.,Ericaceae,100,180,-5,4,16,24,27,400,600,1000,1300,1 2,1 3,N,0,0,L M,W,S,S,W,W,4.5,5,5.5,6,L,L,M,L,,1583,1583,0,0,1,1,0,0,0,0,1,
558,berrynes,Fruit,Berries Nes,Myrtle,Myrtus communis L.,Myrtaceae,120,150,-2,10,15,24,28,300,500,800,1000,1 2,1 4,L,14,14,W,W,M,S,W,W,5.5,6,7,8,l,l,H,M,,163,163,0,0,1,1,0,0,0,0,1,
558,berrynes,Fruit,Berries Nes,Black mulberry,Morus nigra L.,Moraceae,180,330,0,10,15,25,38,300,700,1500,4000,1,1 3,N,0,0,M,W,M,S,W,W,4.3,5.5,7,8.3,L,L,H,M,I,1602,1602,0,0,1,1,0,0,0,0,1,
558,berrynes,Fruit,Berries Nes,White mulberry,Morus alba  L.,Moraceae,180,330,0,13,20,28,39,300,700,1500,5100,1,1 3,N,0,0,M,W,M,M,W,W,4.3,5.5,7,8.3,L,L,H,M,I,1622,1622,0,0,1,1,0,0,0,0,1,
558,berrynes,Fruit,Berries Nes,Red mulberry,Morus rubra L.,Moraceae,240,270,0,12,19,25,32,650,800,1200,1700,1 2,1 3,N,0,0,W,W,M,M,W,W,5,5.5,7,8,l,l,H,M,,1623,1623,0,0,1,1,0,0,0,0,1,
560,grape,Fruit,Grapes,Muscadine grape,Vitis rotundifolia Michx.,Vitaceae,150,270,0,10,18,32,40,1100,1400,1600,1800,1,1 2,N,0,0,M O,W,M,M,W,W,5.8,6,7,8,L,L,M,L,,527,527,0,0,1,1,0,0,0,0,1,not specified in FAO database but probably included
560,grape,Fruit,Grapes,Fox grape,Vitis labrusca L.,Vitaceae,150,270,0,6,15,25,35,700,900,1100,1500,1,1 2,N,0,0,M O,W,M,M,W,W,4.9,6,6.5,7.5,L,L,M,L,,528,528,0,0,1,1,0,0,0,0,1,not specified in FAO database but probably included
560,grape,Fruit,Grapes,European wine grape,Vitis vinifera L.,Vitaceae,160,270,0,10,18,30,38,400,700,850,1200,1,1 2,S,12,14,M O,W,D,S,W,W,4.5,5.5,7.5,8.5,L,M,M,L,,1637,1637,0,0,1,1,0,0,0,0,1,
567,watermelon,Vegetables&Melons,Watermelons,Watermelon,Citrullus lanatus (T) Mansf,Cucurbitaceae,80,160,0,15,20,30,35,400,500,750,1800,1,1 2,N,0,0,M O,W,D,M,W,W,5.5,6,7,7.5,M,M,H,L,U,255,255,0,0,1,1,0,0,0,0,1,
568,melonetc,Vegetables&Melons,Other melons (inc.cantaloupes),Musk melon,Cucumis melo L.,Cucurbitaceae,50,120,0,9,18,30,35,900,1000,1300,2500,1,1 2,N,0,0,M O,W,M,M,W,W,5,6,7.5,8.7,L,L,M,L,U,263,263,299,0,1,1,0,0,0,0,1,
569,fig,Fruit,Figs,Common fig,Ficus carica L.,Moraceae,120,300,-12,4,16,26,38,300,700,1500,2700,1 2,1 4,N,0,0,M,W,D,M,W,W E,4.3,6,7,8.6,L,M,M,L,L,392,392,0,0,1,1,0,0,0,0,1,
571,mango,Fruit,"Mangoes, mangosteens, guavas",Mango,Mangifera indica L.,Anacardiaceae,150,365,-1,8,24,30,48,300,600,1500,2600,1,1 3,N,0,0,L M,W,D,M,W,W E,4.3,5.5,7.5,8.5,L,L,M,L,U I,259,259,0,0,1,1,0,0,0,0,1,
572,avocado,Fruit,Avocados,Avocado  (Mexican),Persea americana Mill.,Lauraceae,270,365,-6,10,14,22,28,660,1000,1400,1800,1 2,1 3,S,12,12,W,W,D,M,W,W,4.3,5,7,8.3,L,L,M,L,T I,782,782,0,0,1,1,0,0,0,0,1,
572,avocado,Fruit,Avocados,Avocado  (Guatemalan),Persea americana Mill.,Lauraceae,300,365,-4,12,15,24,30,660,1000,1400,1800,1 2,1 3,S,12,12,W,W,D,M,W,W,4.5,5,7,8.3,L,L,H,M,T I,1338,782,0,0,1,1,0,0,0,0,1,
572,avocado,Fruit,Avocados,Avocado  (West Indian),Persea americana Mill.,Lauraceae,365,365,-2,12,15,26,34,660,1000,1400,1800,1 2,1 3,S,12,12,M,W,D,M,W,W,4.5,5,7.5,8.3,L,M,H,M,T I,1339,782,0,0,1,1,0,0,0,0,1,
574,pineapple,Fruit,Pineapples,Pineapple,Ananas comosus (L) Merr.,Bromeliaceae,330,365,0,10,21,30,36,550,800,2500,3500,2 3,1 4,S,12,12,L M,W,M,S,W,W E,3.5,4.5,8,9,L,M,M,M,M H,774,774,0,0,1,1,0,0,0,0,1,
577,date,Fruit,Dates,Date palm,Phoenix dactylifera L.,Aracaceae,365,365,-4,10,26,45,52,100,200,300,400,1,1,S,12,12,L M,W,D,S,W,W E,6,6.5,8,8.5,L,H,H,M,U,778,778,0,0,1,1,0,0,0,0,1,
587,persimmon,Fruit,Persimmons,Persimmon,Diospyros virginiana L.,Ebenaceae,240,270,0,10,19,25,28,700,1000,1400,1700,1 2,1 3,L,14,14,W,W,D,M,W,W,5.8,6.5,7,8,L,L,M,M,,61,61,0,0,1,1,0,0,0,0,1,
587,persimmon,Fruit,Persimmons,Kaki,Diospyros kaki L.f.,Ebenaceae,150,270,0,8,20,31,35,300,1000,1700,3000,1,1 3,N,0,0,M,W,D,M,W,W E,5,5.5,6.5,8.3,l,l,H,M,,394,394,0,0,1,1,0,0,0,0,1,
592,kiwi,Fruit,Kiwi fruit,Kiwifruit,Actinidia chinensis Planch.,Actinidiaceae,210,330,-1,5,21,30,35,700,900,1300,1500,1,1 2,N,0,0,L O,L M,D,M,W,W,5.5,6,7,7.5,L,L,H,M,A I,369,369,0,0,1,1,0,0,0,0,1,
600,papaya,Fruit,Papayas,Papaya,Carica papaya L.,Caricaceae,330,365,-1,12,21,30,44,1000,1500,2500,3000,1 2,1 3,N,0,0,M O,W,D,M,W,W E,4.5,5.5,7,8,L,L,H,M,I A,260,260,0,0,1,1,0,0,0,0,1,
603,tropicalnes,Fruit,"tropicalnes, tropical fresh nes Fruit",Jackfruit,Artocarpus heterophyllus L.,Moraceae,210,365,0,16,20,30,34,700,1500,3000,4200,1 2,1 3,L,14,14,M,W,D,S,W,W,4.3,5.5,7.5,8,L,L,M,L,,48,48,0,0,1,1,0,0,0,0,1,
603,tropicalnes,Fruit,"tropicalnes, tropical fresh nes Fruit",Durian,Durio zibethinus Murray,Bombacaceae,270,365,0,12,22,40,45,1200,1500,2500,3500,2 3,2 4,N,0,0,L M,W O,D,M,W,W,4.3,5,6.5,7.5,L,L,H,M,I,373,373,0,0,1,1,0,0,0,0,1,
603,tropicalnes,Fruit,"tropicalnes, tropical fresh nes Fruit",Longan,Dimocarpus longan Lour long,Sapindaceae,210,365,0,7,18,30,36,800,1300,2000,2500,1 3,1 4,N,0,0,L M,W,D,S,W,I W,5,5.5,6,8,L,L,H,M,,375,375,0,0,1,1,0,0,0,0,1,
603,tropicalnes,Fruit,"tropicalnes, tropical fresh nes Fruit",Sapodilla,Manilkara achras (Mill) Fos,Sapotaceae,180,365,-1,11,20,34,42,400,1000,1500,2000,2 3,1 4,N,0,0,M,W,D,S,W,W,5.5,6,7,8.5,L,M,H,M,,378,378,0,0,1,1,0,0,0,0,1,
603,tropicalnes,Fruit,"tropicalnes, tropical fresh nes Fruit",Cherimoya,Annona cherimolia Miller,Annonaceae,240,270,-2,7,18,25,32,600,1200,1400,2200,1 2,1 4,N,0,0,L M,W,D,M,W,W,5.5,6,7.5,8,L,L,H,M,I,403,403,0,0,1,1,0,0,0,0,1,
603,tropicalnes,Fruit,"tropicalnes, tropical fresh nes Fruit",Bullock's heart,Annona reticulata L.,Annonaceae,210,270,-3,7,23,27,34,600,1200,1400,2200,1 2,1 4,N,0,0,M,W,D,M,W,W,4.5,5,7.5,8,L,L,H,M,T,404,404,0,0,1,1,0,0,0,0,1,
603,tropicalnes,Fruit,"tropicalnes, tropical fresh nes Fruit",Mammey apple,Mammea americana L.,Guttiferae,150,365,-2,12,24,30,35,800,1200,1800,2600,1,1 3,N,0,0,M,W,D,S,W,W,5.5,6,6.5,8,L,L,H,M,,408,408,0,0,1,1,0,0,0,0,1,
603,tropicalnes,Fruit,"tropicalnes, tropical fresh nes Fruit",Carambola,Averrhoa carambola L.,Oxalidaceae,240,365,0,5,24,30,39,600,1200,2000,3000,4,3 4,N,0,0,W O,W,D,M,W,W,5,5.5,6.5,8.5,L,L,M,M,,409,409,0,0,1,1,0,0,0,0,1,
603,tropicalnes,Fruit,"tropicalnes, tropical fresh nes Fruit",Starapple,Chrysophyllum cainito L.,Sapotaceae,180,210,0,12,22,28,35,800,1000,1400,2200,1,1 2,N,0,0,M O,W,M,S,W,I W,4.4,5,5.5,7.5,L,L,H,M,,480,480,0,0,1,1,0,0,0,0,1,
603,tropicalnes,Fruit,"tropicalnes, tropical fresh nes Fruit",Red mombin,Spondias purpurea L.,Anacardiaceae,120,300,0,13,22,28,35,600,800,1100,1800,1,1 2,N,0,0,M,W,D,M,W,W,5.5,6,7,8,L,L,H,L,,483,483,0,0,1,1,0,0,0,0,1,
603,tropicalnes,Fruit,"tropicalnes, tropical fresh nes Fruit",Hog plum,Spondias mombin L.,Anacardiaceae,120,300,0,13,21,27,35,600,1000,2000,2800,1,1 2,N,0,0,M H,M H,M,M,W,W,4.3,5.5,6.5,8,L,L,H,M,,520,520,0,0,1,1,0,0,0,0,1,
603,tropicalnes,Fruit,"tropicalnes, tropical fresh nes Fruit",Guava,Psidium guajava L.,Myrtacea,150,365,-5,10,20,33,40,400,1000,3000,5000,1 2,1 3,S,12,12,M O,W,M,S,W,I E,4,5.5,7.5,8.5,L,M,H,L,W,784,784,0,0,1,1,0,0,0,0,1,
603,tropicalnes,Fruit,"tropicalnes, tropical fresh nes Fruit",Purple passionfruit,Passiflora edulis v edulis,Passifloraceae,120,330,-2,15,23,28,32,750,1000,1500,3000,1 2,1 3,S,12,12,W,W,D,M,W,W,5,5.5,7.5,8,L,L,M,L,I N,788,788,0,0,1,1,0,0,0,0,1,
603,tropicalnes,Fruit,"tropicalnes, tropical fresh nes Fruit",Sugar apple,Annona squamosa L.,Annonaceae,210,270,0,11,23,27,33,570,800,1200,4000,1 2,1 3,S,12,12,L M,W,D,S,W,W,4.3,7,8,8.5,l,l,H,M,,919,919,0,0,1,1,0,0,0,0,1,
603,tropicalnes,Fruit,"tropicalnes, tropical fresh nes Fruit",Ilama,Annona diversifolia Saff.,Annonaceae,240,365,0,16,20,26,31,650,1000,1400,2600,1 4,1 4,S,12,12,M,M,M,S,W,W,5.8,7,8,8.4,l,l,H,M,,920,920,0,0,1,1,0,0,0,0,1,
603,tropicalnes,Fruit,"tropicalnes, tropical fresh nes Fruit",Mountain soursop,Annona montana Macfad.,Annonaceae,240,365,0,16,20,28,32,640,1200,1700,4000,1 2,1 3,S,12,12,M,M,M,S,W,W,5,5.5,6.6,8.7,l,l,h,m,,921,921,0,0,1,1,0,0,0,0,1,
603,tropicalnes,Fruit,"tropicalnes, tropical fresh nes Fruit",Pulasan,Nephelium mutabile Bl.,Sapindaceae,170,365,0,18,26,32,38,1350,2000,3000,4100,2 3,2 4,S,12,12,M,W O,D,M,W,W,4.3,5,5.8,8,l,l,H,M,,925,1594,0,0,1,1,0,0,0,0,1,syn of N. lappaceum and N. ramboutan-ake
603,tropicalnes,Fruit,"tropicalnes, tropical fresh nes Fruit",Sapote,Pouteria sapota (Jacq) H.M.,Sapotaceae,365,365,0,15,24,30,36,800,2000,3300,4000,2 3,2 3,S,12,12,M H,W,D,M,W,W,5,6,6.5,7,l,l,M,M,T,933,933,0,0,1,1,0,0,0,0,1,
603,tropicalnes,Fruit,"tropicalnes, tropical fresh nes Fruit",Breadfruit,Artocarpus altilis (Park.),Moraceae,300,365,0,16,21,33,40,1000,1500,3000,3500,1 4,1 4,S,12,12,W O,W,D,S,W,W,4.3,5.5,6.5,8.7,L,L,H,M,,937,937,0,0,1,1,0,0,0,0,1,
603,tropicalnes,Fruit,"tropicalnes, tropical fresh nes Fruit",Golden passionfruit,Passiflora edulis v flavic.,Passifloraceae,180,365,0,15,25,32,36,1000,1600,2000,4000,1 2,1 3,S,12,12,W,W,D,M,W,W,5,5.5,7.5,8,L,L,M,L,,1340,788,0,0,1,1,0,0,0,0,1,
603,tropicalnes,Fruit,"tropicalnes, tropical fresh nes Fruit",Poshte,Annona scleroderma Saff.,Annonaceae,240,365,0,8,23,26,32,3000,3500,4500,5000,1 2,1 3,S,12,12,M,M,d,m,W,W,4.5,5.5,6.5,7,l,l,H,M,,1519,1519,0,0,1,1,0,0,0,0,1,
603,tropicalnes,Fruit,"tropicalnes, tropical fresh nes Fruit",Mata kucing,Dimocarpus longan Lour male,Sapindaceae,365,365,0,18,25,30,38,2500,3000,4000,4500,1 3,1 4,S,12,12,W,W,m,m,w,w,4.5,5,6,6.5,l,l,m,m,,1536,375,0,0,1,1,0,0,0,0,1,
603,tropicalnes,Fruit,"tropicalnes, tropical fresh nes Fruit",Rambutan,Nephelium lappaceum L.,Sapindaceae,170,365,-1,10,21,35,42,1400,2200,3000,4000,2 3,2 4,N,0,0,M,W O,D,M,W,I E,4.5,5,6.5,7.5,L,L,H,M,I,1594,1594,0,0,1,1,0,0,0,0,1,
603,tropicalnes,Fruit,"tropicalnes, tropical fresh nes Fruit",Soursop,Annona muricata L.,Annonaceae,180,365,0,13,20,30,36,800,1500,2200,4200,1 2,1 3,N,0,0,M H,W,M,S,W,W E,4.5,5.7,6.5,8,L,M,M,M,I,1595,1595,0,0,1,1,0,0,0,0,1,
603,tropicalnes,Fruit,"tropicalnes, tropical fresh nes Fruit",Mangosteen,Garcinia mangostana L.,Cuttiferae,365,365,4,15,20,30,40,1100,1600,2000,2800,2 3,2 4,N,0,0,M H,W O,D,D,W,W,4.3,5,6,7.5,L,L,H,M,,1596,1596,0,0,1,1,0,0,0,0,1,
603,tropicalnes,Fruit,"tropicalnes, tropical fresh nes Fruit",Feijoa,Feijoa sellowiana O. Berg,Myrtaceae,120,270,-5,12,20,28,32,300,600,1700,2000,1,1 3,N,0,0,L M,W O,M,S,W,W E,5,5.5,7,8.3,L,L,M,M,,1599,1599,0,0,1,1,0,0,0,0,1,
603,tropicalnes,Fruit,"tropicalnes, tropical fresh nes Fruit",Atemoya,Annona atemoya Hort,Annonaceae,210,270,-4,12,24,28,32,600,2000,3000,4200,1,1 2,N,0,0,L M,L M,M,S,W,W E,5,5.5,6.5,7,L,M,M,L,,1601,1601,0,0,1,1,0,0,0,0,1,
603,tropicalnes,Fruit,"tropicalnes, tropical fresh nes Fruit",Naranjilla,Solanum quitoense Lamarck,Solanaceae,180,365,0,10,16,25,30,700,1500,3000,3750,2 3,1 4,S,12,14,W O,W,M,S,W,W,5.8,6.5,7,8,L,L,H,M,N,1688,1688,0,0,1,1,0,0,0,0,1,
619,fruitnes,Fruit,Fresh Nes Fruit,Lychee,Litchi chinensis Sonn.,Sapindaceae,100,270,-1,15,20,35,40,700,1000,1700,2800,1 2,1 3,N,0,0,M O,W,D,S,W,I E,5,5.5,6.5,8.5,L,L,M,L,I,270,270,0,0,1,1,0,0,0,0,1,"the """"""""litchi"""""""" listed in FAO is Nephelium litchi, but probably refers to this species as this is the most common Lychee."
619,fruitnes,Fruit,Fresh Nes Fruit,Tamarind,Tamarindus indica L.,Caesalpiniaceae,70,210,-3,12,20,35,40,300,800,3000,4500,1 2,1 4,N,0,0,L M,W,D,S,W,W E,4.5,5.5,6.5,8.5,L,H,M,L,,374,374,0,0,1,1,0,0,0,0,1,
619,fruitnes,Fruit,Fresh Nes Fruit,Loquat,Eriobotrya japonica Lindley,Rosaceae,150,210,-10,9,21,27,36,400,600,1600,4000,2 3,1 3,N,0,0,M,W,D,S,W,I W,4.5,5.5,6.5,8,L,L,H,M,,406,406,0,0,1,1,0,0,0,0,1,
619,fruitnes,Fruit,Fresh Nes Fruit,Indian jujube,Ziziphus mauritianus Lamk.,Rhamnaceae,100,330,-15,7,25,42,50,130,300,1500,4000,1,1 2,N,0,0,L M,W,M,S,W,I E,5,5.5,6.5,8.5,L,M,M,L,,436,436,0,0,1,1,0,0,0,0,1,Zizyphus
619,fruitnes,Fruit,Fresh Nes Fruit,Custard banana,Asiminia triloba (L.) Dunal,Annonaceae,180,210,-20,5,14,24,32,400,1000,1300,1800,1,1 2,N,0,0,M,M,D,M,W,W,5.5,6,7,8,L,L,M,M,,477,477,0,0,1,1,0,0,0,0,1,
619,fruitnes,Fruit,Fresh Nes Fruit,Western elderberry,Sambucus cerulea Nutt.,Caprifoliaceae,90,180,-5,7,15,20,26,600,900,1500,4000,1 2,1 3,S,12,12,W,W,M,S,W,I W,5.5,6,7,7.8,L,L,H,M,,884,884,0,0,1,1,0,0,0,0,1,
619,fruitnes,Fruit,Fresh Nes Fruit,Indianfig,Opunita ficus-indica (L.) M,Cactaceae,140,270,0,10,18,26,30,300,700,1300,1700,1 2,1 3,S,12,12,L M,L M,M,S,W E,W E,6.5,7,7.5,8.2,L,L,M,L,,886,886,0,0,1,1,0,1,0,0,1,
619,fruitnes,Fruit,Fresh Nes Fruit,Pomegranate,Punica granatum L.,Punicaceae,180,365,-10,8,23,32,40,400,900,1200,4200,1,1 2,S,12,12,M H,W,D,M,W,I E,5.8,6.5,7.5,8.5,L,M,H,L,,905,905,0,0,1,1,0,0,0,0,1,
638,ryefor,Forage,ryefor,Perennial reygrass,Lolium perenne L.,Gramineae,90,270,-2,5,14,25,35,500,700,1250,2300,1 3,1 4,L,14,14,M H,M H,M,S,W,W,4.5,5,6.5,8.3,L,M,H,M,,22,22,0,0,0,0,0,1,0,0,1,
638,ryefor,Forage,ryefor,Italien ryegrass,Lolium multiflorum Lam.,Gramineae,90,270,-4,2,14,30,38,200,500,900,1800,1 3,1 4,L,14,14,M,W,M,S,W,I W,4.5,5,6.5,8.2,L,M,H,M,,68,68,0,0,0,0,0,1,0,0,1,
639,grassnes,Forage,grassnes,Orchard grass,Dactylis glomerata L.,Gramineae,80,180,-12,5,12,26,31,300,500,1000,1700,1 3,1 4,L,14,14,M H,W,S,S,W,W E,4.5,6,6.5,7.5,L,M,H,M,,6,6,0,0,0,0,0,1,0,0,1,
639,grassnes,Forage,grassnes,Common bentgrass,Agrostis gigantea Roth.,Gramineae,120,180,-35,2,12,21,32,300,500,900,1200,1 2,1 3,L,14,14,W,W,M,S,I W,I W,4,5,7,8.3,L,L,L,L,W,16,16,0,0,0,0,0,1,0,0,1,
639,grassnes,Forage,grassnes,Red Fescue,Festuca rubra L. v. rubra,Gramineae,120,180,-10,4,12,18,22,300,500,1000,1700,1 3,1 4,L,14,14,W,W,M,S,W,I E,4.5,5.5,6.5,8.3,L,M,M,L,,19,19,0,0,0,0,0,1,0,0,1,
639,grassnes,Forage,grassnes,Meadow fescue,Festuca pratensis Huds.,Gramineae,120,270,-10,4,11,19,24,300,800,1200,2300,1 3,1 4,L,14,14,M H,W,M,M,I,I W,4.5,6,7.5,9.5,L,M,H,M,,21,21,0,0,0,0,0,1,0,0,1,
639,grassnes,Forage,grassnes,Timothy,Phleum pratense L.,Gramineae,120,180,0,2,15,22,26,300,800,1100,1700,1 3,1 4,L,14,14,W,W,S,S,I W,I W,5,6,7,8,L,M,H,M,,23,23,0,0,0,0,0,1,0,0,1,
639,grassnes,Forage,grassnes,Smooth meadow grass,Poa pratensis L.,Gramineae,120,270,-44,5,15,27,37,300,500,1300,1700,1 2,1 4,L,14,14,W,W,M,S,W,I W,4.5,5.5,7,8.3,L,L,H,M,,24,24,0,0,0,0,0,1,0,0,1,
639,grassnes,Forage,grassnes,Annual bluegrass,Poa annua L.,Gramineae,21,240,0,2,12,22,33,300,600,1200,4300,1 3,1 4,L,14,14,W,W,M,S,W,I W,4.5,5.5,6.5,8.3,L,L,H,M,,66,66,0,0,0,0,0,1,0,0,1,
639,grassnes,Forage,grassnes,Rough bluegrass,Poa trivialis L.,Gramineae,120,270,-10,2,10,24,28,350,600,1000,1760,3 4,1 4,L,14,14,M,W,M,S,I W,I W,4.5,5.5,6.5,8,L,L,H,M,,67,67,0,0,0,0,0,1,0,0,1,
639,grassnes,Forage,grassnes,Creeping bentgrass,Agrostis stolonifera L.,Gramineae,120,180,-30,4,9,22,45,200,500,800,1800,1 2,1 3,L,14,14,M O,M,M,S,I W,I W,4,5,6.5,8.2,L,H,M,L,,72,72,0,0,0,0,0,1,0,0,1,
639,grassnes,Forage,grassnes,Hard fescue,Festuca longifolia Thuill.,Gramineae,140,180,-5,5,14,24,28,350,500,900,1200,1 2,1 3,L,14,14,l,w,m,s,W,W,5.5,6,7,7.5,L,L,m,l,,85,85,0,0,0,0,0,1,0,0,1,
639,grassnes,Forage,grassnes,Idaho fescue,Festuca idahoensis Elmer,Gramineae,140,180,-5,2,10,18,22,350,500,800,1200,1 2,1 4,L,14,14,w,w,S,S,W E,W E,5.5,6,7,7.5,l,l,M,L,,86,86,0,0,0,0,0,1,0,0,1,
639,grassnes,Forage,grassnes,Chewing's red fescue,Festuca rubra L v commutata,Gramineae,140,180,-10,2,10,18,22,350,500,900,1600,1 4,1 4,L,14,14,W,W,S,S,I E,I E,4.5,5.5,6.5,7.5,L,L,M,M,,87,19,0,0,0,0,0,1,0,0,1,
639,grassnes,Forage,grassnes,Velvet bentgrass,Agrostis canina L.,Gramineae,120,180,-30,2,9,20,45,200,500,900,1200,1 2,1 3,L,14,14,M H,W,M,S,I W,I W,4,4.5,6.5,7.5,L,L,H,L,,88,88,0,0,0,0,0,1,0,0,1,
639,grassnes,Forage,grassnes,Colonial bentgrass,Agrostis tenuis Sibth.,Gramineae,120,270,-30,3,10,20,45,200,400,800,2100,1 2,1 4,L,14,14,M H,W,M,S,I W,I W,4,4.5,6,7.5,L,L,M,L,,89,89,0,0,0,0,0,1,0,0,1,
639,grassnes,Forage,grassnes,Orchard grass Mediter.,Dactylis glomerata hispani.,Gramineae,80,180,-5,5,16,25,30,200,400,600,1000,1 2,1 3,L,14,14,L,W,S,S,W E,W E,5,6,7,8,l,l,L,L,,104,6,0,0,0,0,0,1,0,0,1,
639,grassnes,Forage,grassnes,Bulbous bluegrass,Poa bulbosa L.,Gramineae,120,240,-4,3,13,22,28,200,400,600,1200,1 2,1 3,L,14,14,W,W,M,S,E,W E,4.8,5.5,6.8,8,l,l,M,L,,105,105,0,0,0,0,0,1,0,0,1,
639,grassnes,Forage,grassnes,Mutton bluegrass,Poa fendleriana (Steud.) V.,Gramineae,120,210,-10,9,13,17,24,350,500,800,1200,1 3,1 4,L,14,14,L M,L M,M,S,W,I E,5.5,6,6.5,7.3,l,l,M,L,,106,106,0,0,0,0,0,1,0,0,1,
639,grassnes,Forage,grassnes,Sinai meadow grass,Poa sinaica Steud.,Gramineae,90,160,-4,3,14,20,24,200,300,400,1000,1,1 2,L,14,14,L,L,M,S,E,W E,6,6.5,7.5,8,l,l,L,L,,107,107,0,0,0,0,0,1,0,0,1,
639,grassnes,Forage,grassnes,Agrostis trinii,Agrostis trinii Turcz.,Gramineae,30,180,-30,3,8,15,45,70,200,500,600,1 2,1 3,L,14,14,L M,L M,M,S,W,I W,4,4.5,5.5,6.5,l,l,H,M,,198,198,0,0,0,0,0,1,0,0,1,
639,grassnes,Forage,grassnes,Canada bluegrass,Poa compressa L.,Graminae,120,270,-40,5,20,32,38,300,500,1300,1700,1 2,1 4,L,14,14,W,W,M,S,W,W E,5,5.5,7,7.5,l,l,M,L,,200,200,0,0,0,0,0,1,0,0,1,
639,grassnes,Forage,grassnes,Sheep fescue,Festuca ovina L.,Gramineae,120,180,-5,2,10,22,26,300,500,900,1600,1 3,1 4,N,0,0,L,L M,M,S,W,W E,4.5,5,6.5,8.2,l,m,L,L,,398,398,0,0,0,0,0,1,0,0,1,
639,grassnes,Forage,grassnes,Elephant grass,Pennisetum purpureum Schum.,Gramineae,120,210,-1,15,21,40,45,850,1000,1500,2500,1 3,1 4,S,12,12,M,W,D,S,W,W E,4.5,5,6.5,8.2,L,H,H,L,,804,804,0,0,0,0,0,1,0,0,1,
639,grassnes,Forage,grassnes,Columbus grass,Sorghum x almum Parodi,Gramineae,80,120,-4,15,19,26,35,200,500,800,2000,1,1 2,S,12,12,M H,W,M,S,W,W E,5,5.5,7,8.5,L,M,H,L,W U,805,805,0,0,0,0,0,1,0,0,1,
639,grassnes,Forage,grassnes,Tall fescue,Festuca arundinacea Schreb.,Gramineae,150,180,-3,5,15,22,30,400,600,1300,1500,1 2,1 3,S,12,12,M H,W,S,S,W,I E,4,5.5,8,9.5,L,M,M,L,,997,997,0,0,0,0,0,1,0,0,1,
639,grassnes,Forage,grassnes,Rhodes grass,Chloris gayana Kunth,Gramineae,150,210,-10,5,20,37,50,550,600,1500,2000,1,1 2,S,12,14,M H,W,D,S,W,I E,4,4.5,7,8.5,L,H,H,M,,1679,1679,0,0,0,0,0,1,0,0,1,
639,grassnes,Forage,grassnes,Sudan grass,Sorghum x drummondii (S.),Gramineae,90,120,-3,12,21,33,38,500,600,900,2500,1,1 2,S,12,14,M H,W,D,M,W,W,5,6,7,8.2,L,H,H,M,,1684,1684,0,0,0,0,0,1,0,0,1,
639,mixedgrass,Forage,mixedgrass,Orchard grass,Dactylis glomerata L.,Gramineae,80,180,-12,5,12,26,31,300,500,1000,1700,1 3,1 4,L,14,14,M H,W,S,S,W,W E,4.5,6,6.5,7.5,L,M,H,M,,6,6,0,0,0,0,0,1,0,0,1,
639,mixedgrass,Forage,mixedgrass,Common bentgrass,Agrostis gigantea Roth.,Gramineae,120,180,-35,2,12,21,32,300,500,900,1200,1 2,1 3,L,14,14,W,W,M,S,I W,I W,4,5,7,8.3,L,L,L,L,W,16,16,0,0,0,0,0,1,0,0,1,
639,mixedgrass,Forage,mixedgrass,Red Fescue,Festuca rubra L. v. rubra,Gramineae,120,180,-10,4,12,18,22,300,500,1000,1700,1 3,1 4,L,14,14,W,W,M,S,W,I E,4.5,5.5,6.5,8.3,L,M,M,L,,19,19,0,0,0,0,0,1,0,0,1,
639,mixedgrass,Forage,mixedgrass,Meadow fescue,Festuca pratensis Huds.,Gramineae,120,270,-10,4,11,19,24,300,800,1200,2300,1 3,1 4,L,14,14,M H,W,M,M,I,I W,4.5,6,7.5,9.5,L,M,H,M,,21,21,0,0,0,0,0,1,0,0,1,
639,mixedgrass,Forage,mixedgrass,Timothy,Phleum pratense L.,Gramineae,120,180,0,2,15,22,26,300,800,1100,1700,1 3,1 4,L,14,14,W,W,S,S,I W,I W,5,6,7,8,L,M,H,M,,23,23,0,0,0,0,0,1,0,0,1,
639,mixedgrass,Forage,mixedgrass,Smooth meadow grass,Poa pratensis L.,Gramineae,120,270,-44,5,15,27,37,300,500,1300,1700,1 2,1 4,L,14,14,W,W,M,S,W,I W,4.5,5.5,7,8.3,L,L,H,M,,24,24,0,0,0,0,0,1,0,0,1,
639,mixedgrass,Forage,mixedgrass,Annual bluegrass,Poa annua L.,Gramineae,21,240,0,2,12,22,33,300,600,1200,4300,1 3,1 4,L,14,14,W,W,M,S,W,I W,4.5,5.5,6.5,8.3,L,L,H,M,,66,66,0,0,0,0,0,1,0,0,1,
639,mixedgrass,Forage,mixedgrass,Rough bluegrass,Poa trivialis L.,Gramineae,120,270,-10,2,10,24,28,350,600,1000,1760,3 4,1 4,L,14,14,M,W,M,S,I W,I W,4.5,5.5,6.5,8,L,L,H,M,,67,67,0,0,0,0,0,1,0,0,1,
639,mixedgrass,Forage,mixedgrass,Creeping bentgrass,Agrostis stolonifera L.,Gramineae,120,180,-30,4,9,22,45,200,500,800,1800,1 2,1 3,L,14,14,M O,M,M,S,I W,I W,4,5,6.5,8.2,L,H,M,L,,72,72,0,0,0,0,0,1,0,0,1,
639,mixedgrass,Forage,mixedgrass,Hard fescue,Festuca longifolia Thuill.,Gramineae,140,180,-5,5,14,24,28,350,500,900,1200,1 2,1 3,L,14,14,l,w,m,s,W,W,5.5,6,7,7.5,L,L,m,l,,85,85,0,0,0,0,0,1,0,0,1,
639,mixedgrass,Forage,mixedgrass,Idaho fescue,Festuca idahoensis Elmer,Gramineae,140,180,-5,2,10,18,22,350,500,800,1200,1 2,1 4,L,14,14,w,w,S,S,W E,W E,5.5,6,7,7.5,l,l,M,L,,86,86,0,0,0,0,0,1,0,0,1,
639,mixedgrass,Forage,mixedgrass,Chewing's red fescue,Festuca rubra L v commutata,Gramineae,140,180,-10,2,10,18,22,350,500,900,1600,1 4,1 4,L,14,14,W,W,S,S,I E,I E,4.5,5.5,6.5,7.5,L,L,M,M,,87,19,0,0,0,0,0,1,0,0,1,
639,mixedgrass,Forage,mixedgrass,Velvet bentgrass,Agrostis canina L.,Gramineae,120,180,-30,2,9,20,45,200,500,900,1200,1 2,1 3,L,14,14,M H,W,M,S,I W,I W,4,4.5,6.5,7.5,L,L,H,L,,88,88,0,0,0,0,0,1,0,0,1,
639,mixedgrass,Forage,mixedgrass,Colonial bentgrass,Agrostis tenuis Sibth.,Gramineae,120,270,-30,3,10,20,45,200,400,800,2100,1 2,1 4,L,14,14,M H,W,M,S,I W,I W,4,4.5,6,7.5,L,L,M,L,,89,89,0,0,0,0,0,1,0,0,1,
639,mixedgrass,Forage,mixedgrass,Orchard grass Mediter.,Dactylis glomerata hispani.,Gramineae,80,180,-5,5,16,25,30,200,400,600,1000,1 2,1 3,L,14,14,L,W,S,S,W E,W E,5,6,7,8,l,l,L,L,,104,6,0,0,0,0,0,1,0,0,1,
639,mixedgrass,Forage,mixedgrass,Bulbous bluegrass,Poa bulbosa L.,Gramineae,120,240,-4,3,13,22,28,200,400,600,1200,1 2,1 3,L,14,14,W,W,M,S,E,W E,4.8,5.5,6.8,8,l,l,M,L,,105,105,0,0,0,0,0,1,0,0,1,
639,mixedgrass,Forage,mixedgrass,Mutton bluegrass,Poa fendleriana (Steud.) V.,Gramineae,120,210,-10,9,13,17,24,350,500,800,1200,1 3,1 4,L,14,14,L M,L M,M,S,W,I E,5.5,6,6.5,7.3,l,l,M,L,,106,106,0,0,0,0,0,1,0,0,1,
639,mixedgrass,Forage,mixedgrass,Sinai meadow grass,Poa sinaica Steud.,Gramineae,90,160,-4,3,14,20,24,200,300,400,1000,1,1 2,L,14,14,L,L,M,S,E,W E,6,6.5,7.5,8,l,l,L,L,,107,107,0,0,0,0,0,1,0,0,1,
639,mixedgrass,Forage,mixedgrass,Agrostis trinii,Agrostis trinii Turcz.,Gramineae,30,180,-30,3,8,15,45,70,200,500,600,1 2,1 3,L,14,14,L M,L M,M,S,W,I W,4,4.5,5.5,6.5,l,l,H,M,,198,198,0,0,0,0,0,1,0,0,1,
639,mixedgrass,Forage,mixedgrass,Canada bluegrass,Poa compressa L.,Graminae,120,270,-40,5,20,32,38,300,500,1300,1700,1 2,1 4,L,14,14,W,W,M,S,W,W E,5,5.5,7,7.5,l,l,M,L,,200,200,0,0,0,0,0,1,0,0,1,
639,mixedgrass,Forage,mixedgrass,Sheep fescue,Festuca ovina L.,Gramineae,120,180,-5,2,10,22,26,300,500,900,1600,1 3,1 4,N,0,0,L,L M,M,S,W,W E,4.5,5,6.5,8.2,l,m,L,L,,398,398,0,0,0,0,0,1,0,0,1,
639,mixedgrass,Forage,mixedgrass,Elephant grass,Pennisetum purpureum Schum.,Gramineae,120,210,-1,15,21,40,45,850,1000,1500,2500,1 3,1 4,S,12,12,M,W,D,S,W,W E,4.5,5,6.5,8.2,L,H,H,L,,804,804,0,0,0,0,0,1,0,0,1,
639,mixedgrass,Forage,mixedgrass,Columbus grass,Sorghum x almum Parodi,Gramineae,80,120,-4,15,19,26,35,200,500,800,2000,1,1 2,S,12,12,M H,W,M,S,W,W E,5,5.5,7,8.5,L,M,H,L,W U,805,805,0,0,0,0,0,1,0,0,1,
639,mixedgrass,Forage,mixedgrass,Tall fescue,Festuca arundinacea Schreb.,Gramineae,150,180,-3,5,15,22,30,400,600,1300,1500,1 2,1 3,S,12,12,M H,W,S,S,W,I E,4,5.5,8,9.5,L,M,M,L,,997,997,0,0,0,0,0,1,0,0,1,
639,mixedgrass,Forage,mixedgrass,Rhodes grass,Chloris gayana Kunth,Gramineae,150,210,-10,5,20,37,50,550,600,1500,2000,1,1 2,S,12,14,M H,W,D,S,W,I E,4,4.5,7,8.5,L,H,H,M,,1679,1679,0,0,0,0,0,1,0,0,1,
639,mixedgrass,Forage,mixedgrass,Sudan grass,Sorghum x drummondii (S.),Gramineae,90,120,-3,12,21,33,38,500,600,900,2500,1,1 2,S,12,14,M H,W,D,M,W,W,5,6,7,8.2,L,H,H,M,,1684,1684,0,0,0,0,0,1,0,0,1,
640,clover,Forage,clover,Zigzag clover,Trifolium medium L.,Leguminosae,120,240,-10,4,8,16,20,500,600,800,1000,1 3,1 4,L,14,14,L M,W,M,S,I E,I E,5.5,6,7,7.5,l,l,H,M,,20,20,0,0,0,0,0,1,0,0,1,
640,clover,Forage,clover,Red clover,Trifolium pratense L.,Leguminosae,120,300,-5,4,12,22,26,300,700,1200,2100,1 2,1 4,L,14,14,M O,W,M,S,I W,I W,4.5,6,6.5,8.2,L,L,H,M,,28,28,0,0,0,1,0,1,0,0,1,
640,clover,Forage,clover,White clover,Trifolium repens L.,Leguminosae,90,240,-2,4,14,22,26,300,700,1200,2100,1 3,1 4,L,14,14,M H,W,S,S,W,W,4.5,5.5,7,8.2,L,M,H,M,,29,29,0,0,0,0,0,1,0,0,1,
640,clover,Forage,clover,Alsike clover,Trifolium hybridum L.,Leguminosae,90,150,-10,4,12,20,27,300,700,900,1800,1 2,1 3,L,14,14,M H,W,S,S,I W,I W,4.5,5.5,6.5,8,L,M,H,M,,30,30,0,0,0,0,0,1,0,0,1,
640,clover,Forage,clover,Crimson clover,Trifolium incarnatum L.,Leguminosae,100,170,0,4,13,22,28,300,700,1000,1500,1 2,1 3,L,14,14,W,W,M,S,W,W,4.8,6,7,8.3,l,l,M,M,,58,58,0,0,0,0,0,1,0,0,1,
640,clover,Forage,clover,Strawberry clover,Trifolium fragiferum L.,Leguminosae,120,270,-4,4,12,22,28,450,600,900,1200,1 3,1 4,L,14,14,H M,W,S,S,I W,I W,5.3,6.5,7,9,L,H,M,L,,62,62,0,0,0,0,0,1,0,0,1,
640,clover,Forage,clover,Arrowleaf clover,Trifolium vesiculosum Savi,Leguminosae,110,300,-5,8,15,21,26,600,900,1100,1360,1 2,1 3,L,14,14,W,W,M,S,W,W,5,6,7,8.2,l,l,M,M,,92,92,0,0,0,0,0,1,0,0,1,
640,clover,Forage,clover,Subterranean clover,Trifolium subterraneum L.,Leguminosae,100,240,-15,3,15,24,30,400,800,1000,1630,1 3,1 4,L,14,14,L,W,S,S,W,W,4.5,5.5,6.5,8.2,l,l,M,L,,93,93,0,0,0,0,0,1,0,0,1,
640,clover,Forage,clover,Rose clover,Trifolium hirtum All.,Leguminosae,90,150,-4,5,15,24,30,250,450,800,1400,1 3,1 4,L,14,14,L M,W,S,S,W,W,5.5,6.5,7,8.2,l,l,M,L,,94,94,0,0,0,0,0,1,0,0,1,
640,clover,Forage,clover,Persian clover,Trifolium resupinatum L.,Leguminosae,120,180,-12,3,13,22,26,300,600,900,1360,1 3,1 4,L,14,14,H M,W,M,S,W,I W,4.8,6,7,8.2,L,M,H,M,,95,95,0,0,0,0,0,1,0,0,1,
640,clover,Forage,clover,Rabbitfoot clover,Trifolium arvense L.,Leguminosae,120,180,-10,4,9,16,20,520,700,900,1200,2 3,1 3,L,14,14,L,L,M,S,W E,W E,6,6.2,6.8,7,l,l,L,L,,96,96,0,0,0,0,0,1,0,0,1,
640,clover,Forage,clover,Whitetip clover,Trifolium variegatum Nutt.,Leguminosae,120,180,-5,6,14,19,25,560,800,1000,1300,1 3,1 4,L,14,14,W,W,S,S,I,I W,5.5,6,6.5,7,l,l,M,L,,97,97,0,0,0,0,0,1,0,0,1,
640,clover,Forage,clover,Kura clover,Trifolium ambiguum Bieb.,Leguminosae,120,180,-5,3,10,17,22,490,800,1000,1200,1 2,1 3,L,14,14,M H,W,S,S,W,I W,4.5,5.5,6,7.3,l,l,M,L,,146,146,0,0,0,0,0,1,0,0,1,
640,clover,Forage,clover,Hop clover,Trifolium agrarium L.,Leguminosae,90,150,0,4,14,18,29,400,600,1000,2700,1,1 2,L,14,14,L M,L M,M,S,W E,W E,4.3,5,6.2,8.2,l,l,L,L,,152,152,0,0,0,0,0,1,0,0,1,
640,clover,Forage,clover,Large hop clover,Trifolium campestre Schreb.,Leguminosae,90,150,0,5,12,18,25,570,700,900,1200,1,1 2,L,14,14,L M,L M,M,S,W E,W E,5.5,6,6.5,7,l,l,L,L,,153,153,0,0,0,0,0,1,0,0,1,
640,clover,Forage,clover,Small hope clover,Trifolium dubium Sibth.,Leguminosae,90,150,0,5,12,18,25,570,700,900,1200,1,1 2,L,14,14,L M,L M,M,S,W E,W E,5.5,6,6.5,7,l,l,L,L,,154,154,0,0,0,0,0,1,0,0,1,
640,clover,Forage,clover,Kenya white clover,Trifolium semipilosum Fres.,Leguminosae,120,240,-1,5,16,27,32,300,550,800,1600,2 3,1 3,N,0,0,W,W,M,S,W,W E,5,5.5,6.5,7.7,l,l,H,M,,431,431,0,0,0,0,0,1,0,0,1,
640,clover,Forage,clover,Ball clover,Trifolium nigrescens Viv.,Leguminosae,120,240,-4,10,16,22,26,620,1000,1200,1330,1 2,1 3,N,0,0,M H,W,S,S,W,I E,5,5.5,6.5,7,l,l,M,M,,489,489,0,0,0,0,0,1,0,0,1,
640,clover,Forage,clover,Cupped clover,Trifolium cherlei L.,Leguminosae,120,180,-5,3,15,25,30,300,400,600,800,1 2,1 3,N,0,0,L M,W,m,s,W,W,6,6.5,7.5,8,l,l,l,l,,749,749,0,0,0,0,0,1,0,0,1,
640,clover,Forage,clover,Trifolium pilulare,Trifolium pilulare Boiss.,Leguminosae,120,180,0,4,12,22,26,300,400,600,800,1 2,1 3,N,0,0,L M,W,m,s,W,W,6,5.6,7.5,8,l,l,h,m,,750,750,0,0,0,0,0,1,0,0,1,
640,clover,Forage,clover,Wolly trefoil,Trifolium tomentosum,Leguminosae,120,180,0,4,12,22,26,300,500,700,900,1 2,1 3,N,0,0,L M,W,s,s,W,W,6,6.5,7.5,8,l,l,m,l,,751,751,0,0,0,0,0,1,0,0,1,
640,clover,Forage,clover,Egyptian clover,Trifolium alexandrinum L.,Leguminosae,90,270,-8,3,16,27,35,300,450,900,1700,1 2,1 3,S,12,12,M H,W,S,S,W,W,4.9,6.5,7,7.5,L,H,M,M,,977,977,0,0,0,0,0,1,0,0,1,
641,alfalfa,Forage,alfalfa,Alfalfa,Medicago sativa L.,Leguminosae,100,210,-25,5,24,26,40,350,600,1200,2700,1,1 3,N,0,0,L M,L M,D,M,W,W E,5.5,6.5,7.5,8,L,M,H,L,U,252,252,0,0,1,0,0,1,0,0,1,
643,legumenes,Forage,legumenes,Birdsfoot trefoil,Lotus corniculatus L.,Leguminosae,90,270,-6,3,15,25,30,350,600,1000,1900,1 3,1 4,L,12,14,M H,W,M,S,W,I E,4.5,6,7,8.2,L,M,H,L,,229,229,0,0,0,0,0,1,0,0,1,
646,turnipfor,Forage,turnipfor,Turnip rap,Brassica rapa L. v rapifera,Cruciferae,40,80,-4,7,10,17,30,300,900,1400,2000,2,1 4,N,0,0,L M,W,M,S,W,W,4.3,6,6.8,7.5,L,L,H,M,,266,266,0,0,1,0,0,1,0,0,1,
656,coffee,OtherCrops,"Coffee, green",Coffee liberica,Coffea liberica Bull ex He.,Rubiaceae,240,365,5,18,24,30,36,1100,1600,2400,3500,2 3,1 4,S,12,12,W,W,M,M,W,I W,4.3,5.3,6.2,8,l,l,M,L,I,1053,1053,0,0,1,1,0,0,0,0,1,
656,coffee,OtherCrops,"Coffee, green",Coffee arabica,Coffea arabica L.,Rubiaceae,210,330,0,10,14,28,34,750,1400,2300,4200,2 3,1 4,S,12,14,M O,L M,D,M,W,W,4.3,5.5,7,8.4,L,L,H,M,A I N,1640,1640,0,0,1,1,0,0,0,0,1,
656,coffee,OtherCrops,"Coffee, green",Coffee robusta,Coffea canephora Pierre,Rubiaceae,270,300,5,12,20,30,36,900,1700,3000,4000,2 3,1 4,S,12,14,M H,W,M,S,W,I W,4,5,6.3,8,L,L,H,L,A I,1641,1641,0,0,1,1,0,0,0,0,1,
656,coffee,OtherCrops,"Coffee, green",Coffee excelsa,Coffea excelsa L.,Rubiaceae,270,365,0,9,13,26,32,800,1500,2400,3500,2 3,1 4,S,12,14,M,M H,D,M,W,W,4,4.5,6.5,7.5,L,L,H,M,I,1710,1710,0,0,1,1,0,0,0,0,1,
661,cocoa,OtherCrops,Cocoa beans,Cacao,Theobroma cacao L.,Sterculiaceae,180,365,5,10,21,32,38,900,1200,3000,7600,2 4,1 5,N,0,0,H O,W,D,M,W,W,4,5,6.5,8,L,L,M,M,,248,248,0,0,1,1,0,0,0,0,1,
667,tea,OtherCrops,Tea,China tea,Camellia sinensis v sinens.,Theaceae,240,365,-5,8,20,30,35,1000,1400,2000,4500,1 2,1 4,L,14,14,W,W,D,M,W,W E,4,4.5,5.5,6,L,L,H,M,,209,209,0,0,1,1,0,0,0,0,1,
667,tea,OtherCrops,Tea,Assam tea,Camellia sinensis v assam.,Theaceae,300,365,0,12,20,30,35,2000,3000,4000,4500,1 2,1 4,S,12,12,M O,M,D,M,W,W,4,4.5,5.5,6,L,L,H,M,,1419,209,0,0,1,1,0,0,0,0,1,
667,tea,OtherCrops,Tea,Tea,Camellia sinensis (L) O.K.,Theaceae,240,365,-5,8,20,30,35,1000,1400,2000,4500,1 2,1 4,N,0,0,W,W,D,M,W,W E,4,4.5,5.5,6,L,L,H,M,E A I,1548,209,0,0,1,1,0,0,0,0,1,
671,mate,OtherCrops,mate,Mate,Ilex paraguaiensis A. St-H.,Aquifoliaceae,210,300,-6,12,17,26,30,700,1200,2000,2500,1 2,1 3,S,12,12,M O,W,M,M,W,W,5.8,6.5,7,8,l,l,M,L,,1077,1077,0,0,1,1,0,0,0,0,1,
677,hop,OtherCrops,Hops,Hops,Humulus lupulus L.,Moraceae,150,210,0,8,15,19,35,300,400,700,1300,1 2,1 3,N,0,0,M,M,M,S,W,I W,5,5.5,6.5,8,L,L,H,M,,1587,1587,0,0,1,1,0,0,0,0,1,
687,pepper,OtherCrops,Pepper (Piper spp.),"Pepper, black or white",Piper nigrum L.,Piperaceae,180,270,0,10,22,35,40,2000,2500,4000,5500,2 4,2 4,N,0,0,H M,W,D,M,W,W,5,6,7,7.5,L,L,H,M,E,251,251,0,0,1,1,0,0,0,0,1,
692,vanilla,OtherCrops,Vanilla,Vanilla,Vanilla planifolia Andrews,Orchidaceae,180,300,0,10,21,30,33,1500,2000,2500,3000,4,3 5,S,12,12,M O,L M,S,S,W,W,4.3,5,6.2,8,l,l,H,M,,1022,1022,0,0,1,1,0,0,0,0,1,
693,cinnamon,OtherCrops,Cinnamon (canella),Cinnamon,Cinnamomum verum Presl.,Lauraceae,300,365,0,18,24,30,36,1200,2000,2600,3000,1 2,1 4,S,12,12,L,L M,D,M,W,W,5,5.5,6.5,7,l,l,L,L M,,1016,1016,0,0,1,1,0,0,0,0,1,
693,cinnamon,OtherCrops,Cinnamon (canella),Chinese cassia,Cinnamomum cassia Presl.,Lauraceae,250,325,-2,10,15,32,38,900,1100,1500,3000,1 2,1 3,S,12,12,L M,W,D,M,W,W,4.5,5,5.5,7,l,l,L,L M,,1304,1304,0,0,1,1,0,0,0,0,1,
698,clove,OtherCrops,Cloves,Clove,Eugenia aromatica Kuntze,Myrtaceae,300,365,5,20,24,34,38,1200,1500,3600,4000,1 4,1 4,S,12,12,M O,W,D,M,W,W,4.5,5,6,7,L,L,M,L,I,1012,1012,0,0,1,1,0,0,0,0,1,
702,nutmeg,OtherCrops,"Nutmeg, mace and cardamoms",Nutmeg,Myristica fragrans Houtt.,Myristicaceae,365,365,5,12,22,34,38,1200,1500,3500,4000,3 4,2 4,N,0,0,M O,M H,D,D,W,W,5.5,6,7,7.5,L,L,H,M,I T,437,437,0,0,1,1,0,0,0,0,1,
702,nutmeg,OtherCrops,"Nutmeg, mace and cardamoms",Cardamom,Elettaria cardamomum L. Ma.,Zingiberaceae,240,365,0,10,22,30,35,1500,3000,6000,7000,3 4,2 4,S,12,12,M O,W,S,S,W,W,4.8,5.5,6,7,L,L,M,L,I N,1021,1021,0,0,1,1,0,0,0,0,1,
711,aniseetc,OtherCrops,"Anise, badian, fennel, corian",Fennel,Foeniculum vulgare Mill.,Umbelliferae,30,110,-5,6,15,25,32,300,700,1500,2600,1,1 2,L,14,14,M,W,M,S,W,W,4.8,6.5,7.5,8.2,l,l,H,M,,57,57,0,0,1,1,0,0,0,0,1,
711,aniseetc,OtherCrops,"Anise, badian, fennel, corian",Coriander,Coriandrum sativum L.,Umbelliferae,35,140,-10,4,15,25,32,300,500,1400,2600,2,1 3,N,0,0,M,W,M,S,W,W,4,5.5,7.5,8,l,l,H,M,,390,390,0,0,1,1,0,0,0,0,1,
711,aniseetc,OtherCrops,"Anise, badian, fennel, corian",Anise,Pimpinella anisum L.,Umbelliferae,120,150,0,5,18,26,30,600,900,1300,1700,1,1 3,N,0,0,M,M,M,S,W,W,6,6.5,7,7.3,L,L,H,M,,513,513,0,0,1,1,0,0,0,1,1,
711,aniseetc,OtherCrops,"Anise, badian, fennel, corian",Caraway,Carum carvi L.,Apiaceae,150,180,0,7,16,20,26,600,700,1000,1300,1 2,1 3,N,0,0,M,W,M,S,W,W,4.8,6,7,7.8,l,l,H,M,,532,532,0,0,1,1,0,0,0,0,1,
711,aniseetc,OtherCrops,"Anise, badian, fennel, corian",Cumin,Cuminum cyminum L.,Umbelliferae,60,110,0,9,17,26,30,800,1200,1800,2700,1,1 2,S,12,12,M O,L M,M,S,W,W,4.5,5,6.5,8.3,L,L,H,M,,1026,1026,0,0,1,1,0,0,0,0,1,
720,ginger,OtherCrops,Ginger,Ginger,Zingiber officinale Rosc.,Zingiberaceae,270,365,0,13,19,29,35,700,1400,3000,4000,1 2,1 4,N,0,0,M O,W,M,S,W,W E,4.3,6,7,7.5,L,L,H,M,E,1573,1573,0,0,1,1,0,0,0,0,1,
723,spicenes,OtherCrops,"Spices, nes",Dill,Anethum graveolens L.,Umbelliferae,100,180,-2,6,15,18,26,500,800,1200,1700,2,2 4,L,14,14,M,W,S,S,W,W,5,6,7,8,l,l,H,M,W,56,56,0,0,1,1,0,0,0,0,1,
723,spicenes,OtherCrops,"Spices, nes",Thyme,Thymus vulgaris L.,Labiatae,100,200,0,4,16,25,30,400,700,1500,2600,1,1 2,L,14,14,M,L M,M,S,W E,W E,4.5,5.5,6.5,8,l,l,H,M,,115,115,0,0,1,1,0,0,0,0,1,
723,spicenes,OtherCrops,"Spices, nes",Sweet bay,Laurus nobilis L.,Lauraceae,120,180,-5,8,17,25,30,300,600,1000,2200,1,1 2,N,0,0,L M,W,D,M,W,I W,4.5,5,6.5,8.2,l,l,H,M,,442,442,0,0,1,1,0,0,0,0,1,
723,spicenes,OtherCrops,"Spices, nes",Saffron,Crocus sativus L.,Iridaceae,180,210,0,4,7,19,23,400,800,900,1100,1 2,1 3,N,0,0,M,L M,S,S,W,W,5.5,6,7,7.8,l,l,M,M,,535,535,0,0,1,1,0,0,0,0,1,
723,spicenes,OtherCrops,"Spices, nes",Fenugreek,Trigonella foenum-graecum L,Leguminosae,60,120,-15,5,13,28,32,380,600,800,1550,1 2,1 3,S,12,12,L M,L M,M,M,W,W E,5.3,7,7.5,8.2,L,M,M,L,,1014,1014,0,0,1,1,0,0,0,0,1,
723,spicenes,OtherCrops,"Spices, nes",Tumeric,Curcuma domestica Val.,Zingiberaceae,270,300,0,18,20,28,32,800,1000,2000,3000,2 4,1 4,S,12,12,M O,L M,M,M,W,W,5.5,6,7,7.5,l,l,H,M,,1020,1020,0,0,1,1,0,0,0,0,1,
748,peppermint,OtherCrops,Peppermint,Spearmint,Mentha spicata L. v. crispa,Labiatae,40,270,-8,4,15,25,36,600,900,1200,2200,1 2,1 4,L,14,14,M,W,M,S,W,I W,4.5,5.5,6.5,8.3,l,l,H,M,,113,113,0,0,1,1,0,0,0,1,1,
748,peppermint,OtherCrops,Peppermint,Peppermint,Mentha x piperita L.,Labiatae,40,330,-8,4,15,25,35,700,1000,2200,4000,1 2,1 4,N,0,0,M O,W,S,S,W,I W,4.5,5.5,6.5,8.3,L,M,H,M,,1567,1567,0,0,1,1,0,0,0,1,1,
754,pyrethrum,OtherCrops,"Pyrethrum,Dried",Pyrethrum,Chrysanthemum cinerariaefo.,Compositae,180,330,-2,5,13,20,30,700,1000,1200,1500,1,1 2,L,12,14,M O,W,M,S,W,W E,5,5.5,7,8,L,M,M,L,E,235,235,0,0,1,0,0,0,0,1,1,
767,cotton,Fiber,Seed cotton,"Cotton, American upland",Gossypium hirsutum L.,Malvaceae,150,200,0,15,22,36,42,450,750,1200,1500,1,1 2,N,0,0,M H,W O,D,M,W,W,5,6,7.5,9.5,L,M,M,M,,250,250,0,0,1,0,1,0,0,0,1,
767,cotton,Fiber,Seed cotton,American pima cotton,Gossypium barbadense L.,Malvaceae,180,210,0,15,22,32,38,500,750,1250,1500,1,1 2,S,12,14,M O,W,D,M,W,W,5,5.2,7.2,8.5,L,M,M,M,,1698,1698,328,329,1,0,1,0,0,0,1,
767,cotton,Fiber,Seed cotton,Tree cotton,Gossypium arboreum L.,Malvaceae,190,210,0,18,26,36,38,500,750,1250,1500,1,1 2,S,12,14,W,W,D,M,W,W,5.3,6,7.2,8.5,L,M,M,M,,1699,1699,0,0,1,0,1,0,0,0,1,
767,cotton,Fiber,Seed cotton,Levant cotton,Gossypium herbaceum L.,Malvaceae,190,210,0,18,26,36,38,200,750,1250,1500,1,1 2,S,12,14,W,W,D,M,W,W,5.3,6,7.2,8.5,L,M,M,M,,1700,1700,0,0,1,0,1,0,0,0,1,
777,hemp,Fiber,Hemp Tow Waste,Hemp,Cannabis sativa L.,Cannabidaceae,90,170,0,6,15,28,32,350,600,1200,4000,1 2,1 3,N,0,0,M O,W,M,S,W,I W,4.5,6,7,8.2,L,L,H,M,I,1555,1555,336,0,1,0,1,0,0,1,1,
780,jute,Fiber,Jute,White Jute,Corchorus capsularis L.,Tiliaceae,80,150,0,13,20,37,45,900,1500,3000,3600,1 2,1 3,S,12,12,M H,W,M,S,W,I W,5,6.5,7,8.6,L,L,H,H,,776,776,0,0,1,0,1,0,0,0,1,
780,jute,Fiber,Jute,Long-fruited Jute,Corchorus olitorius L.,Tiliaceae,40,150,0,15,22,35,45,900,1200,2800,3400,1 2,1 3,S,12,12,M H,W,M,S,W,W,5,6.5,7,8.6,L,L,H,M,,780,780,0,0,1,0,1,0,0,0,1,
782,jutelikefiber,Fiber,Other Bastfibres,China Jute,Abutilon theopharasti Medic,Malvaceae,75,140,0,10,14,25,30,500,650,2000,3000,1 2,1 3,L,14,14,M,W,D,M,W,I W,4.9,5.5,6.5,8.2,l,l,M,L,W,5,5,0,0,1,1,1,0,0,0,1,
782,jutelikefiber,Fiber,Other Bastfibres,Roselle (altissima),Hibiscus sabdariffa L.v al.,Malvaceae,90,240,0,12,16,28,36,500,1500,2000,3500,1,1 2,N,0,0,L M,W,M,M,W,W,5,6,7.5,8.5,L,L,H,M,W,701,701,0,0,1,0,1,0,0,0,1,
782,jutelikefiber,Fiber,Other Bastfibres,Kenaf,Hibiscus cannabinus L.,Malvaceae,100,240,0,10,15,28,35,450,600,2000,3000,1,1 3,S,12,12,M O,W,D,M,W,W E,4.3,6,7.5,8.2,L,L,H,M,N I,772,772,0,0,1,0,1,0,0,0,1,
782,jutelikefiber,Fiber,Other Bastfibres,Roselle (sabdariffe),Hibiscus sabdariffa L.v sa.,Malvaceae,90,120,0,10,24,32,36,500,1000,3000,3500,1,1 2,S,12,12,M O,W,D,M,W,W E,4.5,5.5,7,8.5,L,L,M,L,N,773,701,0,0,1,0,1,0,0,0,1,
782,jutelikefiber,Fiber,Other Bastfibres,Perennial Indian hemp,Abroma augustum (L.) L.f.,Sterculiaceae,100,210,0,18,26,31,36,1300,1500,3000,3500,1 2,1 3,S,12,12,M,W,D,M,W,W,4.5,5,6,6.5,l,l,H,L,,1473,1473,0,0,1,0,1,0,0,0,1,
782,jutelikefiber,Fiber,Other Bastfibres,Sunn hemp,Crotalaria juncea L.,Leguminosae,60,160,-2,4,20,29,40,400,600,1500,4300,1,1 3,S,12,14,M,L M,M,M,W,W E,5,6,7,8.4,L,M,M,L,,1655,1655,0,0,1,0,1,0,0,0,1,
788,ramie,Fiber,Ramie,Ramie,Boehmeria nivea (L.) Gaud.,Urticaceae,45,365,0,10,17,27,34,1000,1500,2500,4000,1 3,1 4,N,0,0,M O,W,D,D,W,W,4.8,5.4,6.5,7.5,l,l,H,H,,264,264,0,0,1,0,1,0,0,0,1,
789,sisal,Fiber,Sisal,Sisal,Agave sisalana Perrine,Agavaceae,150,270,-5,10,15,27,45,500,900,1250,1800,1 2,1 3,S,12,12,L M,W,M,S,W,W E,5.5,6,7.5,8,L,L,M,L,,777,777,0,0,1,0,1,0,0,0,1,
800,agave,Fiber,Agave Fibres Nes,Henequen,Agave fourcroydes Lemaire,Agavaceae,210,330,-5,10,15,30,40,700,900,1250,2500,1,1 2,S,12,12,L M,L M,M,S,W E,W E,6,6.5,7.5,8,l,l,M,L,,1054,1054,0,0,1,0,1,0,0,1,1,
800,agave,Fiber,Agave Fibres Nes,Istle,Agave lecheguilla Torrey,Agavaceae,70,150,-10,10,15,25,30,250,450,600,800,1,1 2,S,12,12,W,W,m,s,W E,W E,6,6.5,7.5,8,l,l,M,L,W T,1055,1055,0,0,1,0,1,0,0,0,1,
800,agave,Fiber,Agave Fibres Nes,Cantala fibre,Agave cantala Roxb.,Agavaceae,150,330,0,10,17,30,38,400,1000,2000,2700,1 2,1 3,S,12,12,L M,W O,m,s,W,I E,6,6.5,7.5,8,l,l,h,l,,1474,1474,0,0,1,0,1,0,0,0,1,
809,abaca,Fiber,Manila Fibre (Abaca),Abaca,Musa textilis Nee,Musaceae,365,365,0,16,20,29,33,700,1800,3000,4400,1 2,1 3,S,12,12,M O,W,D,S,W,W,4.5,5.5,7,8,l,l,H,M,I,785,785,0,0,1,0,1,0,0,0,1,
821,fibrenes,Fiber,Fibre Crops Nes,New Zealand flax,Phormium tenax Forst.,Agavaceae,180,365,-5,9,13,25,30,500,750,2000,3800,1 3,1 4,N,0,0,W,W,M,M,W,I W,4.5,5.5,7,8.3,l,l,H,L,,458,458,0,0,1,0,1,0,0,0,1,
826,tobacco,OtherCrops,"Tobacco, unmanufactured",Tobacco,Nicotiana tabacum L.,Solanaceae,70,150,0,7,15,30,35,350,500,750,3000,1,1 4,S,12,14,L M,W,D,M,W,W,4.5,5,6.5,7.5,L,L,M,M,E I H,1648,1648,0,0,1,0,0,0,0,1,1,
836,rubber,OtherCrops,Natural rubber,Rubber,Hevea brasiliensis (Willd.),Euphorbiaceae,365,365,0,10,24,30,45,1200,2000,4000,6000,2,1 3,S,12,12,L M,W,D,M,W,W,3.5,4.5,6,8,L,L,M,L,I E,769,769,0,0,1,0,0,0,0,1,1,
839,gums,OtherCrops,Gums Natural,Guayule,Parthenium argentatum Gray,Compositae,90,240,-18,8,20,34,49,250,400,650,2100,1 2,1 3,S,12,12,L,L M,M,S,W E,W E,5.5,6,7,8,L,L,L,L,,1015,1015,0,0,0,0,0,0,0,1,1,
839,gums,OtherCrops,Gums Natural,Gutta percha,Palaquium gutta (Hook)Burck,Sapotaceae,270,330,0,17,24,30,38,1500,2000,3000,4000,1 2,1 3,S,12,12,M,W,D,S,W,W,5.5,6,7,8,l,l,H,M,,1046,1046,0,0,1,0,0,0,0,1,1,
187,pea,Pulses,"Peas, dry",Pea,Pisum sativum L.,Leguminosae,60,140,-2,4,10,24,30,350,800,1200,2500,1,1 3,S,12,14,W,W,M,S,W,W,4.5,5.5,7,8.3,L,L,M,L,,1649,1649,417,0,1,1,0,0,0,0,1,
299,melonseed,Oilcrops,Melonseed,Musk melon,Cucumis melo L.,Cucurbitaceae,50,120,0,9,18,30,35,900,1000,1300,2500,1,1 2,N,0,0,M O,W,M,M,W,W,5,6,7.5,8.7,L,L,M,L,U,263,263,568,0,1,1,0,0,0,0,1,
311,kapokseed,Fiber,Kapokseed in Shell,Kapok,Ceiba pentandra (L.) Gaertn,Bombacaceae,270,330,-1,12,17,38,40,750,1500,2500,3000,1,1 2,N,0,0,M,L M,D,M,W,W,5,5.5,6.5,7.5,L,M,H,M,H I,450,450,310,778,1,1,1,0,0,0,1,
336,hempseed,Oilcrops,Hempseed,Hemp,Cannabis sativa L.,Cannabidaceae,90,170,0,6,15,28,32,350,600,1200,4000,1 2,1 3,N,0,0,M O,W,M,S,W,I W,4.5,6,7,8.2,L,L,H,M,I,1555,1555,777,0,1,0,1,0,0,1,1,
414,greenbean,Vegetables&Melons,"Beans, green",Botil,Phaseolus polyanthus Green.,Leguminosae,110,365,0,10,14,24,28,1000,1400,2200,2600,1 2,1 4,S,12,12,M O,M,D,M,W,W,5.5,6.2,6.5,7,l,l,h,m,,1518,1518,176,0,1,1,0,0,0,0,1,syn of P. coccineus
414,greenbean,Vegetables&Melons,"Beans, green","Bean, Common",Phaseolus vulgaris L.,Leguminosae,50,270,0,7,16,25,32,300,500,2000,4300,1 2,1 3,S,12,14,M O,W,M,S,W,W,4,5.5,7.5,9,L,L,M,L,U A,1651,1651,176,423,1,1,0,0,0,0,1,
414,greenbean,Vegetables&Melons,"Beans, green",Adzuki bean,Vigna angularis (Willd.) O.,Leguminosae,60,190,0,5,15,30,36,550,900,1300,1800,1,1 2,S,12,14,M H,W,M,M,W,W,5,5.5,6.5,7.5,L,L,M,M,,1656,1656,176,0,1,1,0,0,0,0,1,
414,greenbean,Vegetables&Melons,"Beans, green",Lima bean,Phaseolus lunatus L.,Leguminosae,60,365,0,13,16,28,34,400,900,1500,4300,1 2,1 3,S,12,14,M,L M,D,M,W,W,4.5,5.5,7,8.4,L,L,M,L,,1659,1659,176,0,1,1,0,0,0,0,1,
414,greenbean,Vegetables&Melons,"Beans, green",Moth bean,Vigna aconitifolia (Jacq.),Leguminosae,60,90,0,13,24,32,45,400,750,1000,2500,1,1 2,S,12,14,L,W,M,S,W,W E,5,6.5,7.5,8,L,L,L,L,,1660,1660,176,0,1,1,0,0,0,0,1,
414,greenbean,Vegetables&Melons,"Beans, green",Scarlet runner bean,Phaseolus coccineus L.,Leguminosae,80,365,0,5,12,26,30,400,800,1500,2600,1,1 2,S,12,14,M,W,M,S,W,W,5,5.5,7,8.2,L,L,H,L,I,1662,1662,176,0,1,1,0,0,0,0,1,
414,greenbean,Vegetables&Melons,"Beans, green",Tepary bean,Phaseolus acutifolius Gray,Leguminosae,60,120,0,8,20,30,38,300,600,1000,1700,1,1 2,S,12,14,L M,W O,M,S,W,W E,5,6,7,8,L,L,M,L,,1663,1663,176,0,1,1,0,0,0,0,1,
414,greenbean,Vegetables&Melons,"Beans, green",Urd bean,Vigna mungo (L.) Hepper,Leguminosae,60,130,0,8,22,35,40,530,650,900,2430,1,1 2,S,12,14,M H,M H,D,M,W,W E,4.5,5.5,6.5,7.5,L,M,H,M,,1664,1664,176,0,1,1,0,0,0,0,1,
420,greenbroadbean,Vegetables&Melons,"Leguminous vegetables, nes",Broad bean,Vicia faba L.,Leguminosae,100,150,-10,5,18,28,32,250,650,1000,2600,1 2,1 3,N,0,0,M O,W,M,S,W,W,4.5,6,7,8.6,L,L,H,M,,258,258,181,0,1,1,0,0,0,0,1,
591,cashewapple,Fruit,Cashewapple,Cashew,Anacardium occidentale L.,Anacardiaceae,190,260,0,5,15,35,46,400,750,1600,4000,1,1 2,N,0,0,L M,W,D,M,W,W E,3.8,4.5,6.5,8.7,L,L,M,L,,261,261,217,0,1,1,0,0,0,0,1,
636,maizefor,Forage,maizefor,Maize,Zea mays L. s. mays,Gramineae,65,365,0,10,18,33,47,400,600,1200,1800,1,1 2,S,12,14,M O,W,M,S,W,W E,4.5,5,7,8.5,L,M,H,L,W U E,1636,1636,56,0,1,1,0,1,0,0,1,
637,sorghumfor,Forage,sorghumfor,Sorghum (med. altitude),Sorghum bicolor (L.) Moench,Gramineae,90,300,0,10,24,35,40,300,500,1000,3000,1,1 2,N,0,0,M H,W,M,M,W,I E,5,6,7,8.5,L,M,M,L,T,542,542,83,0,1,1,0,0,0,0,1,
637,sorghumfor,Forage,sorghumfor,Sorghum (low altitude),Sorghum bicolor (L.) Moench,Gramineae,90,300,0,8,27,35,40,300,500,1000,3000,1,1 2,S,12,12,M H,W,M,M,W,I E,5,6,7,8.5,L,M,M,L,T,767,542,83,0,1,1,0,0,0,0,1,
637,sorghumfor,Forage,sorghumfor,Sorghum (high altitude),Sorghum bicolor (L.) Moench,Gramineae,90,300,0,12,22,32,35,300,500,1000,3000,1,1 2,S,12,12,M H,W,M,M,W,I E,5,6,7,8.5,L,M,M,L,T,1342,542,83,0,1,1,0,0,0,0,1,
644,cabbagefor,Forage,cabbagefor,Chinese cabbage,Brassica chinensis L.,Cruciferae,40,90,0,8,12,22,34,500,800,1600,2700,2 3,1 3,L,12,14,M O,W,M,S,W,W,5.3,6,7.5,8,L,L,M,L,I,221,221,358,0,1,1,0,0,0,0,1,
644,cabbagefor,Forage,cabbagefor,Cabbage,Brassica oleracea L.v capi.,Cruciferae,60,200,-10,7,15,24,32,300,500,1000,2500,2,1 4,L,12,14,M O,W,S,S,W,W,5,6,7.5,8.3,L,L,H,M,,225,225,358,0,1,1,0,0,0,0,1,
644,cabbagefor,Forage,cabbagefor,Brussels sprouts,Brassica oleracea L.v gemm.,Cruciferae,100,130,-5,7,12,20,25,500,900,1600,3000,1 2,1 3,N,0,0,M O,M H,M,M,W,W,4.5,6,7,7.8,L,L,H,M,,273,225,358,0,1,1,0,0,0,0,1,
644,cabbagefor,Forage,cabbagefor,Cauliflower,Brassica oleracea L.v botr.,Cruciferae,60,120,-5,5,10,25,30,450,600,1100,1900,3,1 4,N,0,0,M,W,D,S,W,W,5.5,6,7,8.5,L,L,H,M,,274,225,393,0,1,1,0,0,0,0,1,
644,cabbagefor,Forage,cabbagefor,Collards,Brassica oleracea L.v acep.,Cruciferae,60,85,-5,7,15,22,30,300,450,1000,2800,2,1 3,N,0,0,W O,W,S,S,W,W,4.5,5.4,6,8.3,M,L M,H,L,,275,225,358,0,1,1,0,0,0,0,1,
644,cabbagefor,Forage,cabbagefor,Kohlrabi,Brassica oleracea L.v gong.,Cruciferae,50,70,-2,5,12,18,25,700,900,1300,1700,1,1 3,N,0,0,M,W,D,M,W,W,5.5,6,6.5,8.5,L,L,H,M,,276,225,358,0,1,1,0,0,0,0,1,
644,cabbagefor,Forage,cabbagefor,Sprouting broccoli,Brassica oleracea L.v ital.,Cruciferae,80,120,0,3,15,24,35,350,900,1500,2000,3,2 4,N,0,0,M O,W,M,M,W,W,5.5,6,6.8,8.5,L,L,H,M,,1568,225,358,0,1,1,0,0,0,0,1,
647,beetfor,Forage,beetfor,Spinach beet,Beta vulgaris L. v flavesc.,Chenopodiaceae,160,240,-3,4,15,25,35,500,600,800,1000,1 4,1 4,L,14,14,M H,W,M,S,W,W,5.5,6,7,7.5,L,M,H,M,,1,1,463,0,1,1,0,0,0,0,1,
647,beetfor,Forage,beetfor,Garden beet,Beta vulgaris L. v crassa,Chenopodiaceae,55,90,-2,5,15,25,30,500,800,1500,2500,1 2,1 4,L,14,14,L M,W O,M,M,W,W,5,6,6.8,8.3,L,M,H,M,,52,1,463,0,1,1,0,0,0,0,1,
647,beetfor,Forage,beetfor,Swiss chard,Beta vulgaris L. v cicla,Chenopodiaceae,50,150,0,5,15,25,35,500,800,800,1000,1 2,1 4,L,14,14,M,W,M,S,W,W,5.5,6,6.5,8.3,L,M,H,M,,53,1,463,0,1,1,0,0,0,0,1,
647,beetfor,Forage,beetfor,Sugar beet,Beta vulgaris L. v vulgaris,Chenopodiaceae,160,200,-2,4,15,25,35,500,650,900,1200,1 2,1 3,L,14,14,M,M H,D,M,W,W,5.5,6,7,8,L,M,H,M,,213,1,157,0,1,1,0,0,0,0,1,
648,carrotfor,Forage,carrotfor,Carrot,Daucus carota L.,Umbelliferae,40,150,-1,3,15,24,30,400,600,1200,4000,2 3,1 3,L,14,14,M O,W,M,M,W,W,4.2,5.8,6.8,8.7,L,L,M,M,,2,2,426,0,1,1,0,0,0,0,1,
649,swedefor,Forage,swedefor,Rutabaga,Brassica napus L. Napobras.,Cruciferae,180,180,-1,5,14,24,35,300,700,1000,1700,1 3,1 4,N,0,0,L M,W,M,M,W,W,4.8,5.5,7,7.8,l,l,H,M,,384,220,463,0,1,1,0,0,0,0,1,
689,pimento,OtherCrops,"Chillies and peppers, dry",Pimento,Pimenta dioica (L.) Merr.,Myrtaceae,150,365,0,10,15,32,35,1000,1500,2500,3500,2 3,1 3,S,12,12,W,W,M,S,W,W,6.3,7,7.5,8,l,l,M,M,,1019,1019,401,0,1,1,0,0,0,0,1,
689,pimento,OtherCrops,"Chillies and peppers, dry",Sweet pepper,Capsicum annuum L.,Solanaceae,60,180,0,8,17,30,35,500,600,1250,1700,1,1 3,S,12,14,M O,L M,M,M,W,W,4.5,5.5,6.8,7,L,L M,M,M,I,1647,1647,401,0,1,1,0,0,0,0,1,
689,pimento,OtherCrops,"Chillies and peppers, dry",Hot pepper,Capsicum frutescens L.,Solanaceae,120,180,0,7,18,30,40,400,600,1500,2000,1,1 3,S,12,14,M O,W,S,S,W,W,4.3,5.5,6.8,8.3,L,L M,H,M,,1692,1692,401,0,1,1,0,0,0,0,1,
813,coir,Fiber,Coir,Coconut,Cocos nucifera L.,Palmaceae,270,365,-1,14,22,34,38,650,1200,2400,4000,1,1 3,N,0,0,L M,W,D,M,W,W,4.3,5,8,8.7,L,M,M,L,,242,242,249,0,1,1,0,0,0,0,1,FAO_Code 813 refers to fiber production
423,stringbean,Vegetables&Melons,String beans,"Bean, Common",Phaseolus vulgaris L.,Leguminosae,50,270,0,7,16,25,32,300,500,2000,4300,1 2,1 3,S,12,14,M O,W,M,S,W,W,4,5.5,7.5,9,L,L,M,L,U A,1651,1651,414,176,1,1,0,0,0,0,1,
773,flax,Fiber,Flax fibre and tow,Linseed,Linum usitatissimum L.,Linaceae,80,180,-6,5,16,24,30,250,500,800,1300,2 3,1 3,L,12,14,M H,M H,S,S,W,W,5.5,6,6.5,7,L,L,H,H,I,227,227,771,333,1,1,1,0,0,0,1,FAO_Codes 771 and 773 refers to fiber production
778,kapokfiber,Fiber,Kapok Fibre,Kapok,Ceiba pentandra (L.) Gaertn,Bombacaceae,270,330,-1,12,17,38,40,750,1500,2500,3000,1,1 2,N,0,0,M,L M,D,M,W,W,5,5.5,6.5,7.5,L,M,H,M,H I,450,450,311,310,1,1,1,0,0,0,1,
